"Path","Hash"
"C:\Program Files (x86)\Steam\steamapps\common\AoE2DE\resources\_common\ai\AEGIS-BYZ-Architect-P1.ai","E3B0C44298FC1C149AFBF4C8996FB92427AE41E4649B934CA495991B7852B855"
"C:\Program Files (x86)\Steam\steamapps\common\AoE2DE\resources\_common\ai\AEGIS-BYZ-Architect-P1.per","44F324BF25B9231036126A0F72EFBB7AEB6EAC6B36F69C8A8E27DF7571BEB2F4"
"C:\Program Files (x86)\Steam\steamapps\common\AoE2DE\resources\_common\ai\AegisProm\Aegis-belief.per","27920BD9E9435CFD498D26D7511784FAE1C06B14219EADCC570B617D801DF5B3"
"C:\Program Files (x86)\Steam\steamapps\common\AoE2DE\resources\_common\ai\AegisProm\AEGIS-BYZ-Engine-Carpenter-P2.per","1C206C99C92A457E5027AADEA6177572C99BAE1EE50AAA67195D4EA8757676A0"
"C:\Program Files (x86)\Steam\steamapps\common\AoE2DE\resources\_common\ai\AegisProm\Aegis-commitment.per","EA0ADEE699FD61E01C56A98FFC2F97CD465B91BC4882184B6DFF9C6810EF2FDD"
"C:\Program Files (x86)\Steam\steamapps\common\AoE2DE\resources\_common\ai\AegisProm\Aegis-decision.per","2A1E5E5FC4D6F976442A70A07A1CC45791B561000661F295704BCEE6819BA43C"
"C:\Program Files (x86)\Steam\steamapps\common\AoE2DE\resources\_common\ai\AegisProm\Aegis-objectives.per","BEDCBA6074CE6A829BA4DE04AC2B64127AF515F4F5BD12B89D092EF0F7CE3BB4"
"C:\Program Files (x86)\Steam\steamapps\common\AoE2DE\resources\_common\ai\AegisProm\Aegis-planning.per","B65BC3BD0BF96A99949F683BDA5E669E6FD5DD744C7685AED6622DBA83DE339C"
"C:\Program Files (x86)\Steam\steamapps\common\AoE2DE\resources\_common\ai\AegisProm\Aegis-situation.per","74CEE91C0C8801D4399369EA51E29EFEA4355D0F78C29528F162EDABE0D1F8B7"
"C:\Program Files (x86)\Steam\steamapps\common\AoE2DE\resources\_common\ai\AI (HD version).ai","E3B0C44298FC1C149AFBF4C8996FB92427AE41E4649B934CA495991B7852B855"
"C:\Program Files (x86)\Steam\steamapps\common\AoE2DE\resources\_common\ai\AI (HD version).per","8A554A90A18F7983A949F7BEF3B767E09732BCE87DCA3B9546FE782F098DE51C"
"C:\Program Files (x86)\Steam\steamapps\common\AoE2DE\resources\_common\ai\ai.txt","88C684831C3EE840F844597699605BCA8ECFB7D60249599D06AD6E060E71B469"
"C:\Program Files (x86)\Steam\steamapps\common\AoE2DE\resources\_common\ai\AiBuilder.per","453B1C616B15D8657C9B3C1A45765D3338F4FFA1C22DC5437E6E278BB9BDE528"
"C:\Program Files (x86)\Steam\steamapps\common\AoE2DE\resources\_common\ai\AiBuilder\constantsUP.per","11B5269F63803441B2CFB5E65A63B2321A5F7D52F033E875A313E669140AD6FD"
"C:\Program Files (x86)\Steam\steamapps\common\AoE2DE\resources\_common\ai\AiBuilder\construction.per","82A87C56D47367EFB57E71363EE6904C94A8F9C6BE47D3FB29629303898B842E"
"C:\Program Files (x86)\Steam\steamapps\common\AoE2DE\resources\_common\ai\AiBuilder\economy.per","D53ECA9A82597640C95828D64F043AA1585CEFFECBE2863177B765A1B96AFC19"
"C:\Program Files (x86)\Steam\steamapps\common\AoE2DE\resources\_common\ai\AiBuilder\general.per","1905E4A2B7469067917A2467DDBD235DF5CDBDB9A713A073F8EC3301BEA726B3"
"C:\Program Files (x86)\Steam\steamapps\common\AoE2DE\resources\_common\ai\AiBuilder\market.per","00E53080D49B8D9BC16CBB78821361D037643E661F5916F7EEF4D80DF55EB587"
"C:\Program Files (x86)\Steam\steamapps\common\AoE2DE\resources\_common\ai\AiBuilder\militaryBehavior.per","67498ECB11AB328801DC10ACE05CAD8911BD0E2DD84CE8818D773F1330AB1732"
"C:\Program Files (x86)\Steam\steamapps\common\AoE2DE\resources\_common\ai\AiBuilder\militaryUnits.per","89C74D024E957762E452A2821FC6F7579D92F5C1D02D1C4317E35D11D053939A"
"C:\Program Files (x86)\Steam\steamapps\common\AoE2DE\resources\_common\ai\AiBuilder\phaseUpdate.per","70BE5DB7721CD289480DE92BB4E69604FCDC7B7BC7551F05AE5F28EDB020F021"
"C:\Program Files (x86)\Steam\steamapps\common\AoE2DE\resources\_common\ai\AiBuilder\technologies.per","21DBECA9AF757FB5DE0EC9B4355AE653667490FB9C3861935057F7A38A9968DA"
"C:\Program Files (x86)\Steam\steamapps\common\AoE2DE\resources\_common\ai\AoE2ScenarioParser-master\.github\workflows\deploy-app.yml","0DEBE3C220DCCD5904752ABA37E32AAB841E02FDEED300DEEB203BEA23BB1509"
"C:\Program Files (x86)\Steam\steamapps\common\AoE2DE\resources\_common\ai\AoE2ScenarioParser-master\.github\workflows\deploy-docs.yml","A3E518367B34E309A799F9FDEDEC264BA8098ED46E1DCBC35648F9BC827D25C3"
"C:\Program Files (x86)\Steam\steamapps\common\AoE2DE\resources\_common\ai\AoE2ScenarioParser-master\.gitignore","87A2A8CFA37A2C55919580D0770398423DCA6EDB53E653AC6C54409BC42CB308"
"C:\Program Files (x86)\Steam\steamapps\common\AoE2DE\resources\_common\ai\AoE2ScenarioParser-master\.idea\.gitignore","700037C6C34A2A55DBD251D71A45C1826F352E5308F4DCFD1E5A1C0CBEED3D29"
"C:\Program Files (x86)\Steam\steamapps\common\AoE2DE\resources\_common\ai\AoE2ScenarioParser-master\AoE2ScenarioParser\__init__.py","D9BF1B4C2CAC4B8958551AB66FACE556149C4349C81AE3A910C456CACE2263D1"
"C:\Program Files (x86)\Steam\steamapps\common\AoE2DE\resources\_common\ai\AoE2ScenarioParser-master\AoE2ScenarioParser\__pycache__\__init__.cpython-313.pyc","89C07E6B7CCB6D6821BF8B0BBC5DDECF5DE16C8A2CC8E665B057A604FAAFFE6E"
"C:\Program Files (x86)\Steam\steamapps\common\AoE2DE\resources\_common\ai\AoE2ScenarioParser-master\AoE2ScenarioParser\__pycache__\settings.cpython-313.pyc","A0C3396678DF1A082C8F8B11FEDE4352A62DAD413C6C16C41E94A93291AA419B"
"C:\Program Files (x86)\Steam\steamapps\common\AoE2DE\resources\_common\ai\AoE2ScenarioParser-master\AoE2ScenarioParser\__pycache__\version.cpython-313.pyc","C0B608B88D9A5CBCEF81F88A761F169BD1ECD5AE7A50871D0FEE6B8F949B0F75"
"C:\Program Files (x86)\Steam\steamapps\common\AoE2DE\resources\_common\ai\AoE2ScenarioParser-master\AoE2ScenarioParser\datasets\__init__.py","E3B0C44298FC1C149AFBF4C8996FB92427AE41E4649B934CA495991B7852B855"
"C:\Program Files (x86)\Steam\steamapps\common\AoE2DE\resources\_common\ai\AoE2ScenarioParser-master\AoE2ScenarioParser\datasets\__pycache__\__init__.cpython-313.pyc","E388B074855E8445DD5E53E8C86E001BA66FA2E222885C341AA4CEC4949AD204"
"C:\Program Files (x86)\Steam\steamapps\common\AoE2DE\resources\_common\ai\AoE2ScenarioParser-master\AoE2ScenarioParser\datasets\__pycache__\buildings.cpython-313.pyc","EEB028BD34C43438E14EB30A34CDAE3A30A980FEFDEF2F3E9CF3A73E9A0A39EE"
"C:\Program Files (x86)\Steam\steamapps\common\AoE2DE\resources\_common\ai\AoE2ScenarioParser-master\AoE2ScenarioParser\datasets\__pycache__\conditions.cpython-313.pyc","2B5B087D3B19801E1940BD145FA22DDB56A3518757355F7063AF79C6C47EEB65"
"C:\Program Files (x86)\Steam\steamapps\common\AoE2DE\resources\_common\ai\AoE2ScenarioParser-master\AoE2ScenarioParser\datasets\__pycache__\dataset_enum.cpython-313.pyc","EFF8E78C342D05B9519A178DD65363F320117EBD1E5DB6C5B3675DF69A1994AC"
"C:\Program Files (x86)\Steam\steamapps\common\AoE2DE\resources\_common\ai\AoE2ScenarioParser-master\AoE2ScenarioParser\datasets\__pycache__\effects.cpython-313.pyc","68F8497B28671A7B2441D1A4A075D0FF105A52EF6667CA549730455FD514919D"
"C:\Program Files (x86)\Steam\steamapps\common\AoE2DE\resources\_common\ai\AoE2ScenarioParser-master\AoE2ScenarioParser\datasets\__pycache__\heroes.cpython-313.pyc","F7D605CBFF13222D984828ECE781CD4222124589640521DFF7A7941FDBAF86EB"
"C:\Program Files (x86)\Steam\steamapps\common\AoE2DE\resources\_common\ai\AoE2ScenarioParser-master\AoE2ScenarioParser\datasets\__pycache__\object_support.cpython-313.pyc","ADCC3904F79E2DF52959DC31CBC08040A72186A1608D6E86596F8143B37204F8"
"C:\Program Files (x86)\Steam\steamapps\common\AoE2DE\resources\_common\ai\AoE2ScenarioParser-master\AoE2ScenarioParser\datasets\__pycache__\other.cpython-313.pyc","EC8EA61B584012393F2EF972A602242D66B408597B1DD815E3090E088FC0CC66"
"C:\Program Files (x86)\Steam\steamapps\common\AoE2DE\resources\_common\ai\AoE2ScenarioParser-master\AoE2ScenarioParser\datasets\__pycache__\players.cpython-313.pyc","6077BD90374BEAF0BF4E52774F5DC775F32B63DA097D9E7E923AF1A95A75C4CA"
"C:\Program Files (x86)\Steam\steamapps\common\AoE2DE\resources\_common\ai\AoE2ScenarioParser-master\AoE2ScenarioParser\datasets\__pycache__\scenario_variant.cpython-313.pyc","ADBD7B0F335B9FAF9B876A0A985E9CA69234F406CA8209A46D5157A946756555"
"C:\Program Files (x86)\Steam\steamapps\common\AoE2DE\resources\_common\ai\AoE2ScenarioParser-master\AoE2ScenarioParser\datasets\__pycache__\techs.cpython-313.pyc","89B9406292323E1EF9D9108C623463E4BA741DCD70A349912EFED3BE47F0BF3B"
"C:\Program Files (x86)\Steam\steamapps\common\AoE2DE\resources\_common\ai\AoE2ScenarioParser-master\AoE2ScenarioParser\datasets\__pycache__\terrains.cpython-313.pyc","EE6771AE45D7C85746664D2EA92628738B2E194588FB6BE96030E58725B044AE"
"C:\Program Files (x86)\Steam\steamapps\common\AoE2DE\resources\_common\ai\AoE2ScenarioParser-master\AoE2ScenarioParser\datasets\__pycache__\units.cpython-313.pyc","5DBC34247F5113B4B3AD92724029B0CDDADC29883EE617820337BC609E729478"
"C:\Program Files (x86)\Steam\steamapps\common\AoE2DE\resources\_common\ai\AoE2ScenarioParser-master\AoE2ScenarioParser\datasets\buildings.py","CC0CEDBA0D578B3A1FD69DDE36A4A526B98C61FE41C1674430ED5CCDE01D3E8D"
"C:\Program Files (x86)\Steam\steamapps\common\AoE2DE\resources\_common\ai\AoE2ScenarioParser-master\AoE2ScenarioParser\datasets\conditions.py","BCDC007341500AB5BC121BF48384AFA978F89A179BD3EF32C06FF0F82AE72254"
"C:\Program Files (x86)\Steam\steamapps\common\AoE2DE\resources\_common\ai\AoE2ScenarioParser-master\AoE2ScenarioParser\datasets\dataset_enum.py","30C79868A5F0CBDE6A746913A498A07C690A2C8365248A34FF5AD55BF8A7C2D7"
"C:\Program Files (x86)\Steam\steamapps\common\AoE2DE\resources\_common\ai\AoE2ScenarioParser-master\AoE2ScenarioParser\datasets\effects.py","A65F0A51DC1D25D77FDED67D521C942641BF8652378AA8975CED9F21C60BFC16"
"C:\Program Files (x86)\Steam\steamapps\common\AoE2DE\resources\_common\ai\AoE2ScenarioParser-master\AoE2ScenarioParser\datasets\heroes.py","EC6145E9E522A7873E0FC291033D705E9E8D44020FC7A48BDEF43F61626FDF22"
"C:\Program Files (x86)\Steam\steamapps\common\AoE2DE\resources\_common\ai\AoE2ScenarioParser-master\AoE2ScenarioParser\datasets\object_support.py","A2D3E315EF5001CC0E3B38FDA4B161EABB73723770729118FD2261E9937D44FC"
"C:\Program Files (x86)\Steam\steamapps\common\AoE2DE\resources\_common\ai\AoE2ScenarioParser-master\AoE2ScenarioParser\datasets\other.py","1F78120905D68BCA89A367B589E54C79DC5DD4C3AFDB035133A0E61698B14739"
"C:\Program Files (x86)\Steam\steamapps\common\AoE2DE\resources\_common\ai\AoE2ScenarioParser-master\AoE2ScenarioParser\datasets\players.py","F443B38A3C85D0FD619BBC6A2BCAF217253072E3921627B73995C1969B11459C"
"C:\Program Files (x86)\Steam\steamapps\common\AoE2DE\resources\_common\ai\AoE2ScenarioParser-master\AoE2ScenarioParser\datasets\projectiles.py","8BCD35DEDD221455C355E8E45C449CBC785110D331843DEB47557F38F65335A5"
"C:\Program Files (x86)\Steam\steamapps\common\AoE2DE\resources\_common\ai\AoE2ScenarioParser-master\AoE2ScenarioParser\datasets\scenario_variant.py","225C0207D3CEB94C73905396196C1BE3330D9396FA32885D0CFB7702B16A2115"
"C:\Program Files (x86)\Steam\steamapps\common\AoE2DE\resources\_common\ai\AoE2ScenarioParser-master\AoE2ScenarioParser\datasets\sources\resource_editor_names.json","9A3ABC0DE73DFD506CE51A8CE0F4B8E16A295A1D9B55A12565E642015A505B18"
"C:\Program Files (x86)\Steam\steamapps\common\AoE2DE\resources\_common\ai\AoE2ScenarioParser-master\AoE2ScenarioParser\datasets\sources\unit_projectile_info.json","8777E21DEF45A94ABC6ECD21EB6919D946DBFD101B34F878CCC980207EBDB6E1"
"C:\Program Files (x86)\Steam\steamapps\common\AoE2DE\resources\_common\ai\AoE2ScenarioParser-master\AoE2ScenarioParser\datasets\support\__init__.py","E3B0C44298FC1C149AFBF4C8996FB92427AE41E4649B934CA495991B7852B855"
"C:\Program Files (x86)\Steam\steamapps\common\AoE2DE\resources\_common\ai\AoE2ScenarioParser-master\AoE2ScenarioParser\datasets\support\__pycache__\__init__.cpython-313.pyc","08EC9965EA1922E7C804D7AC0B81C15AFAF0AF03B6052252EA55BA4A73491C6C"
"C:\Program Files (x86)\Steam\steamapps\common\AoE2DE\resources\_common\ai\AoE2ScenarioParser-master\AoE2ScenarioParser\datasets\support\__pycache__\info_dataset_base.cpython-313.pyc","EFE49243DA5DDA4E0EBDE3DE4F80E740F9332BF75620A1C69FE76073A635B975"
"C:\Program Files (x86)\Steam\steamapps\common\AoE2DE\resources\_common\ai\AoE2ScenarioParser-master\AoE2ScenarioParser\datasets\support\dataset_gen\common.py","C431954EB12EE808842CFB352582BAEDA2A1353510C639249549924A92428005"
"C:\Program Files (x86)\Steam\steamapps\common\AoE2DE\resources\_common\ai\AoE2ScenarioParser-master\AoE2ScenarioParser\datasets\support\dataset_gen\gen_attr_dataset.py","4AE3984CE2CCC59FD66AFD2FC6C14450C80A970467EE075CDD4CC23D7987BCEB"
"C:\Program Files (x86)\Steam\steamapps\common\AoE2DE\resources\_common\ai\AoE2ScenarioParser-master\AoE2ScenarioParser\datasets\support\dataset_gen\gen_res_datset.py","0139FECA5FBF9930F2B8FDF52A2092860B578AD9531236D6F1B18F6AEB88E663"
"C:\Program Files (x86)\Steam\steamapps\common\AoE2DE\resources\_common\ai\AoE2ScenarioParser-master\AoE2ScenarioParser\datasets\support\info_dataset_base.py","8486BA7B21A8CE471E425CC5876CEB0EE7080552182E6F264DEF31A53859F79C"
"C:\Program Files (x86)\Steam\steamapps\common\AoE2DE\resources\_common\ai\AoE2ScenarioParser-master\AoE2ScenarioParser\datasets\techs.py","7FA6EEA8D4E3ED672162FB51F1AAC82125942EE54683BCA8622D757E7E13684E"
"C:\Program Files (x86)\Steam\steamapps\common\AoE2DE\resources\_common\ai\AoE2ScenarioParser-master\AoE2ScenarioParser\datasets\terrains.py","38466D9F349B02C15324CB3B6A969F5A77A929D87F062D18F1ABF1817F7361F1"
"C:\Program Files (x86)\Steam\steamapps\common\AoE2DE\resources\_common\ai\AoE2ScenarioParser-master\AoE2ScenarioParser\datasets\trigger_lists\__init__.py","3DE3BAAC6321FAB4B73014049A23DFE0275B497D5F43740F8BBDC8E33D695D19"
"C:\Program Files (x86)\Steam\steamapps\common\AoE2DE\resources\_common\ai\AoE2ScenarioParser-master\AoE2ScenarioParser\datasets\trigger_lists\__pycache__\__init__.cpython-313.pyc","902283B5DF5004E9DF9F1E7184BAD6F9C6A6BEC4D50D7D0E58A5EACA00E64AF3"
"C:\Program Files (x86)\Steam\steamapps\common\AoE2DE\resources\_common\ai\AoE2ScenarioParser-master\AoE2ScenarioParser\datasets\trigger_lists\__pycache__\action_type.cpython-313.pyc","F84E46AFD1AB0AD8733763289A0D83ABA74FD35301BA973661747C5AC92AA6D5"
"C:\Program Files (x86)\Steam\steamapps\common\AoE2DE\resources\_common\ai\AoE2ScenarioParser-master\AoE2ScenarioParser\datasets\trigger_lists\__pycache__\age.cpython-313.pyc","DA489E5856CFED388763429ED6081EC378D6D80974DA12A63832F0208BE0879C"
"C:\Program Files (x86)\Steam\steamapps\common\AoE2DE\resources\_common\ai\AoE2ScenarioParser-master\AoE2ScenarioParser\datasets\trigger_lists\__pycache__\attack_priority.cpython-313.pyc","A83B3352CD88C5092C39EFDA551479193BA11D089E787D57D62EF39B26953678"
"C:\Program Files (x86)\Steam\steamapps\common\AoE2DE\resources\_common\ai\AoE2ScenarioParser-master\AoE2ScenarioParser\datasets\trigger_lists\__pycache__\attack_stance.cpython-313.pyc","AE815816A3160A4BD99A24C7E16D87CB8EC39F47F8FBF411D1F6029045C89FEF"
"C:\Program Files (x86)\Steam\steamapps\common\AoE2DE\resources\_common\ai\AoE2ScenarioParser-master\AoE2ScenarioParser\datasets\trigger_lists\__pycache__\attribute.cpython-313.pyc","BB7F447E6048B231E793F18C5E280D2F95AA71304D07D387EC12ECE98489E68A"
"C:\Program Files (x86)\Steam\steamapps\common\AoE2DE\resources\_common\ai\AoE2ScenarioParser-master\AoE2ScenarioParser\datasets\trigger_lists\__pycache__\blast_level.cpython-313.pyc","51757EF94882F1A867ABB873B404E05FC64A9415F43E14AC83AABF136CC02313"
"C:\Program Files (x86)\Steam\steamapps\common\AoE2DE\resources\_common\ai\AoE2ScenarioParser-master\AoE2ScenarioParser\datasets\trigger_lists\__pycache__\blockage_class.cpython-313.pyc","65B6B09AD9B05D01DD918E9DCEBC7C577A5D47573453F2EABCB2621988A6ECAA"
"C:\Program Files (x86)\Steam\steamapps\common\AoE2DE\resources\_common\ai\AoE2ScenarioParser-master\AoE2ScenarioParser\datasets\trigger_lists\__pycache__\button_location.cpython-313.pyc","6FED805827647184D32EF1AC1E4C1E1BF4958448B4FF82C223BB55FFF393672F"
"C:\Program Files (x86)\Steam\steamapps\common\AoE2DE\resources\_common\ai\AoE2ScenarioParser-master\AoE2ScenarioParser\datasets\trigger_lists\__pycache__\charge_event.cpython-313.pyc","E03340EE9A27BE0C1BC8EFB734BE8771CEB4B39789FF36322A03B730442B6038"
"C:\Program Files (x86)\Steam\steamapps\common\AoE2DE\resources\_common\ai\AoE2ScenarioParser-master\AoE2ScenarioParser\datasets\trigger_lists\__pycache__\charge_type.cpython-313.pyc","9835A189EDC919480C01A4170A83E88CED8A695CC11C592BB777078FF65C6A50"
"C:\Program Files (x86)\Steam\steamapps\common\AoE2DE\resources\_common\ai\AoE2ScenarioParser-master\AoE2ScenarioParser\datasets\trigger_lists\__pycache__\color_mood.cpython-313.pyc","1BB12041C2D50B79D8ACF9AB74C59B02CE0D458F5CFC3A7500C842AA65A485FF"
"C:\Program Files (x86)\Steam\steamapps\common\AoE2DE\resources\_common\ai\AoE2ScenarioParser-master\AoE2ScenarioParser\datasets\trigger_lists\__pycache__\combat_ability.cpython-313.pyc","1CD1F1022C4377ED745756D5E454AD85022448BC8B511A8DEBD2434132636162"
"C:\Program Files (x86)\Steam\steamapps\common\AoE2DE\resources\_common\ai\AoE2ScenarioParser-master\AoE2ScenarioParser\datasets\trigger_lists\__pycache__\comparison.cpython-313.pyc","4B07EE90296B4DF04F8EDEF7B44755CD881F48FFCC56ADE030BE64456923ED86"
"C:\Program Files (x86)\Steam\steamapps\common\AoE2DE\resources\_common\ai\AoE2ScenarioParser-master\AoE2ScenarioParser\datasets\trigger_lists\__pycache__\damage_class.cpython-313.pyc","B6B54CDC99E08B926B21EFB8CFA344466924E58CEE5911910F7116ACAE2B3745"
"C:\Program Files (x86)\Steam\steamapps\common\AoE2DE\resources\_common\ai\AoE2ScenarioParser-master\AoE2ScenarioParser\datasets\trigger_lists\__pycache__\decision_option.cpython-313.pyc","A93602435D1584C53ED07902043428F09A5FF8AF40E9E3E591567B2091176B46"
"C:\Program Files (x86)\Steam\steamapps\common\AoE2DE\resources\_common\ai\AoE2ScenarioParser-master\AoE2ScenarioParser\datasets\trigger_lists\__pycache__\difficulty_level.cpython-313.pyc","C901A387C10DED8518A71E063938F919B695FFCD819F276E880AA27EA1C50AB1"
"C:\Program Files (x86)\Steam\steamapps\common\AoE2DE\resources\_common\ai\AoE2ScenarioParser-master\AoE2ScenarioParser\datasets\trigger_lists\__pycache__\diplomacy_state.cpython-313.pyc","3D9960E9A892BE186DF589CAE5AE77ACEC050A5D290CB3DDE78D77877A0E83D1"
"C:\Program Files (x86)\Steam\steamapps\common\AoE2DE\resources\_common\ai\AoE2ScenarioParser-master\AoE2ScenarioParser\datasets\trigger_lists\__pycache__\disable_unit_flag.cpython-313.pyc","22973029BF8B152F54100CA624EEDC788CDEA491F75D18BDF5F5923D9C1F4A9C"
"C:\Program Files (x86)\Steam\steamapps\common\AoE2DE\resources\_common\ai\AoE2ScenarioParser-master\AoE2ScenarioParser\datasets\trigger_lists\__pycache__\fog_visibility.cpython-313.pyc","55527A687948E733F1E204B708536B585563D2AD7397C6E7885A24EA52024322"
"C:\Program Files (x86)\Steam\steamapps\common\AoE2DE\resources\_common\ai\AoE2ScenarioParser-master\AoE2ScenarioParser\datasets\trigger_lists\__pycache__\garrison_type.cpython-313.pyc","0A2233DBBFCFD34CE545BC3D7A40F32C0C847D4EC949C9C003C930FDBD4B1D96"
"C:\Program Files (x86)\Steam\steamapps\common\AoE2DE\resources\_common\ai\AoE2ScenarioParser-master\AoE2ScenarioParser\datasets\trigger_lists\__pycache__\hero_status_flag.cpython-313.pyc","9D69E092B63F4C4675DECE71E7D178B68A4C2668D2771C3A9159CF8FB5934BD1"
"C:\Program Files (x86)\Steam\steamapps\common\AoE2DE\resources\_common\ai\AoE2ScenarioParser-master\AoE2ScenarioParser\datasets\trigger_lists\__pycache__\hotkey.cpython-313.pyc","DB671D99E12A6443950754636875D2A83FF8E2893951AA05E4E481EE6833E32A"
"C:\Program Files (x86)\Steam\steamapps\common\AoE2DE\resources\_common\ai\AoE2ScenarioParser-master\AoE2ScenarioParser\datasets\trigger_lists\__pycache__\local_technology.cpython-313.pyc","B1F9942B7D0C0C3F2D24C108F37DAD2A09156CAA19B205D792BD9DB6E48ECB68"
"C:\Program Files (x86)\Steam\steamapps\common\AoE2DE\resources\_common\ai\AoE2ScenarioParser-master\AoE2ScenarioParser\datasets\trigger_lists\__pycache__\object_attribute.cpython-313.pyc","3E4EAC690409C570A393362A9E4592EC3B6946DA7F54FB2619239122027B38B8"
"C:\Program Files (x86)\Steam\steamapps\common\AoE2DE\resources\_common\ai\AoE2ScenarioParser-master\AoE2ScenarioParser\datasets\trigger_lists\__pycache__\object_class.cpython-313.pyc","6FB5A03990991AA5346638D2F3C45F0E3FC609E75D7C4CF82E2EA31B50DB1534"
"C:\Program Files (x86)\Steam\steamapps\common\AoE2DE\resources\_common\ai\AoE2ScenarioParser-master\AoE2ScenarioParser\datasets\trigger_lists\__pycache__\object_modify_attribute_state.cpython-313.pyc","E7CA78CE65DC377363F0287F631199D8B5DCA5B5CBF3714B0EA6AFF945620B24"
"C:\Program Files (x86)\Steam\steamapps\common\AoE2DE\resources\_common\ai\AoE2ScenarioParser-master\AoE2ScenarioParser\datasets\trigger_lists\__pycache__\object_state.cpython-313.pyc","8E4361FEC4C93EF257E361D5208AF8CF63B906B4064A8019B24519A2AEFF1A6A"
"C:\Program Files (x86)\Steam\steamapps\common\AoE2DE\resources\_common\ai\AoE2ScenarioParser-master\AoE2ScenarioParser\datasets\trigger_lists\__pycache__\object_type.cpython-313.pyc","CF83916354566ED64D6A3C76A2E7AFF1E67D96F7E8EC3A3F36F3F7E58F518DFE"
"C:\Program Files (x86)\Steam\steamapps\common\AoE2DE\resources\_common\ai\AoE2ScenarioParser-master\AoE2ScenarioParser\datasets\trigger_lists\__pycache__\obstruction_type.cpython-313.pyc","7E92A5A7CE209556BD737441662618D80A592C9F89E78DA2FC05283E9124698E"
"C:\Program Files (x86)\Steam\steamapps\common\AoE2DE\resources\_common\ai\AoE2ScenarioParser-master\AoE2ScenarioParser\datasets\trigger_lists\__pycache__\occlusion_mode.cpython-313.pyc","D6C0B5B58DD46807AA15283A23911EB9701F0729DA428D3B13579A4AD060EE74"
"C:\Program Files (x86)\Steam\steamapps\common\AoE2DE\resources\_common\ai\AoE2ScenarioParser-master\AoE2ScenarioParser\datasets\trigger_lists\__pycache__\operation.cpython-313.pyc","49DE140DDF2099561B5FDF4BB445DE1503FDF6CE34EBEA2166C12A3338830CBE"
"C:\Program Files (x86)\Steam\steamapps\common\AoE2DE\resources\_common\ai\AoE2ScenarioParser-master\AoE2ScenarioParser\datasets\trigger_lists\__pycache__\panel_location.cpython-313.pyc","D260414F9FA89A0829630CE70DE12E260DE4D1B3A0674FC7F199ADEB94200D90"
"C:\Program Files (x86)\Steam\steamapps\common\AoE2DE\resources\_common\ai\AoE2ScenarioParser-master\AoE2ScenarioParser\datasets\trigger_lists\__pycache__\projectile_hit_mode.cpython-313.pyc","148C5E128CF825C979572CEBD86B3CF374F7C0017826BACF85297452BB31068F"
"C:\Program Files (x86)\Steam\steamapps\common\AoE2DE\resources\_common\ai\AoE2ScenarioParser-master\AoE2ScenarioParser\datasets\trigger_lists\__pycache__\projectile_smart_mode.cpython-313.pyc","A2A765479AF743275D3EC5FF78755B1839BC8D71FD518ABBBB06D532C62017D3"
"C:\Program Files (x86)\Steam\steamapps\common\AoE2DE\resources\_common\ai\AoE2ScenarioParser-master\AoE2ScenarioParser\datasets\trigger_lists\__pycache__\projectile_vanish_mode.cpython-313.pyc","4A5E03D8F7AFBD181ECC8D51BACDF4A0B170493ADDD94CD6CBB14D03DE66587F"
"C:\Program Files (x86)\Steam\steamapps\common\AoE2DE\resources\_common\ai\AoE2ScenarioParser-master\AoE2ScenarioParser\datasets\trigger_lists\__pycache__\secondary_game_mode.cpython-313.pyc","C5EF30F718EA05028F4A3CCCE9FC9BBEFC98A69E659E9A96AE04EFB7C64E8689"
"C:\Program Files (x86)\Steam\steamapps\common\AoE2DE\resources\_common\ai\AoE2ScenarioParser-master\AoE2ScenarioParser\datasets\trigger_lists\__pycache__\selection_effect.cpython-313.pyc","ACF9877E34468B84D4BF3E2666394E2ACA8F86BCD564D20B5D7903145DA9A9A8"
"C:\Program Files (x86)\Steam\steamapps\common\AoE2DE\resources\_common\ai\AoE2ScenarioParser-master\AoE2ScenarioParser\datasets\trigger_lists\__pycache__\technology_state.cpython-313.pyc","CD8D79F17750491A77FB84DFE6BA4AF4DB60F643E8E4FE5A5D858D512A6BB882"
"C:\Program Files (x86)\Steam\steamapps\common\AoE2DE\resources\_common\ai\AoE2ScenarioParser-master\AoE2ScenarioParser\datasets\trigger_lists\__pycache__\terrain_restrictions.cpython-313.pyc","7F94E1875DD41691839915BEE1EE9E092B7B4B36E181B9ECDD22BD9BC6159C4B"
"C:\Program Files (x86)\Steam\steamapps\common\AoE2DE\resources\_common\ai\AoE2ScenarioParser-master\AoE2ScenarioParser\datasets\trigger_lists\__pycache__\time_unit.cpython-313.pyc","701DC61943A076CACEF7163CBF9F609D27868FBC14CB40B3FBF084DD10E75DD1"
"C:\Program Files (x86)\Steam\steamapps\common\AoE2DE\resources\_common\ai\AoE2ScenarioParser-master\AoE2ScenarioParser\datasets\trigger_lists\__pycache__\unit_ai_action.cpython-313.pyc","65D4110F4D05386C2E5B1BD8390D2A78E9761A04ED626241ADE509507775D3FB"
"C:\Program Files (x86)\Steam\steamapps\common\AoE2DE\resources\_common\ai\AoE2ScenarioParser-master\AoE2ScenarioParser\datasets\trigger_lists\__pycache__\unit_trait.cpython-313.pyc","84414F8D4FE2C34D484850A2F6010BF80120CDC478B538BBD956B091F9CAA817"
"C:\Program Files (x86)\Steam\steamapps\common\AoE2DE\resources\_common\ai\AoE2ScenarioParser-master\AoE2ScenarioParser\datasets\trigger_lists\__pycache__\victory_condition.cpython-313.pyc","EC8DC6FF572D59F0D714278FF6EAC589D719BB0CE1956C4747B7C9B141AB1687"
"C:\Program Files (x86)\Steam\steamapps\common\AoE2DE\resources\_common\ai\AoE2ScenarioParser-master\AoE2ScenarioParser\datasets\trigger_lists\__pycache__\victory_timer_type.cpython-313.pyc","FCEBF4549CA5B51BC4AAC7463FD9D5478A8C8394B96918295500A7D5042B9C97"
"C:\Program Files (x86)\Steam\steamapps\common\AoE2DE\resources\_common\ai\AoE2ScenarioParser-master\AoE2ScenarioParser\datasets\trigger_lists\__pycache__\visibility_state.cpython-313.pyc","7AF0E12ACEC0D23B2056D0F4652ED03BBA306FE9E0F066D84C7504E1D2A4E53E"
"C:\Program Files (x86)\Steam\steamapps\common\AoE2DE\resources\_common\ai\AoE2ScenarioParser-master\AoE2ScenarioParser\datasets\trigger_lists\action_type.py","AC12A0356E47B3D6413D5CCF76B93518588095E1B056818009887F3BA7045F2A"
"C:\Program Files (x86)\Steam\steamapps\common\AoE2DE\resources\_common\ai\AoE2ScenarioParser-master\AoE2ScenarioParser\datasets\trigger_lists\age.py","263F833BDE50752844292353674D0F4F1FE0692FCD94A2B4CEEFB198472E2640"
"C:\Program Files (x86)\Steam\steamapps\common\AoE2DE\resources\_common\ai\AoE2ScenarioParser-master\AoE2ScenarioParser\datasets\trigger_lists\attack_priority.py","69A2C0BF65EF6FAC7D77FA6619B0A3E6B87B9DDD938B9AFD7510C626BE5080A1"
"C:\Program Files (x86)\Steam\steamapps\common\AoE2DE\resources\_common\ai\AoE2ScenarioParser-master\AoE2ScenarioParser\datasets\trigger_lists\attack_stance.py","B1386EFF861CF676CF13B5F7EF67FC3468C45F36C433150F37C9AE3E5038839A"
"C:\Program Files (x86)\Steam\steamapps\common\AoE2DE\resources\_common\ai\AoE2ScenarioParser-master\AoE2ScenarioParser\datasets\trigger_lists\attribute.py","615B42EC9127C0980749932EB83CA01F6E2C01191AA268C801CD1F992D0049C5"
"C:\Program Files (x86)\Steam\steamapps\common\AoE2DE\resources\_common\ai\AoE2ScenarioParser-master\AoE2ScenarioParser\datasets\trigger_lists\blast_level.py","F956B80482E225C1789CAA689739775608AE75A5C4237D66F03D30BB4A9B5BF6"
"C:\Program Files (x86)\Steam\steamapps\common\AoE2DE\resources\_common\ai\AoE2ScenarioParser-master\AoE2ScenarioParser\datasets\trigger_lists\blockage_class.py","B0C62D67B4D08F9FA0CB09ABCB1732552DA2FDD9B84CB50D860FA1414472AC07"
"C:\Program Files (x86)\Steam\steamapps\common\AoE2DE\resources\_common\ai\AoE2ScenarioParser-master\AoE2ScenarioParser\datasets\trigger_lists\button_location.py","0F0D4537F3C044F5D55B60D556ECF92BC102A7D6F5F23D9F1F70E2F28CABB35C"
"C:\Program Files (x86)\Steam\steamapps\common\AoE2DE\resources\_common\ai\AoE2ScenarioParser-master\AoE2ScenarioParser\datasets\trigger_lists\charge_event.py","A8D79F7E4778E94D6C5C1EF165AE3F9BFD2912651E3E31C5C3F6AAEA1F8C035D"
"C:\Program Files (x86)\Steam\steamapps\common\AoE2DE\resources\_common\ai\AoE2ScenarioParser-master\AoE2ScenarioParser\datasets\trigger_lists\charge_type.py","E985BD0E23014689C12154AFDF4E8859131998685767822AC6E0CD96B6671D4C"
"C:\Program Files (x86)\Steam\steamapps\common\AoE2DE\resources\_common\ai\AoE2ScenarioParser-master\AoE2ScenarioParser\datasets\trigger_lists\color_mood.py","A1D59E3FF00E16BE5D9B37207124DF09BAE194ABA79812E5DD1B8C57D6CCA90B"
"C:\Program Files (x86)\Steam\steamapps\common\AoE2DE\resources\_common\ai\AoE2ScenarioParser-master\AoE2ScenarioParser\datasets\trigger_lists\combat_ability.py","80DBD20FD65A44827D045781096CB5F9DBCF7927F43353DAAA697A83F7E22FAF"
"C:\Program Files (x86)\Steam\steamapps\common\AoE2DE\resources\_common\ai\AoE2ScenarioParser-master\AoE2ScenarioParser\datasets\trigger_lists\comparison.py","D6E44D31787B4A54A3F5F8BBD804784E12ED2BD33B7379F37F3EE58960AFEA52"
"C:\Program Files (x86)\Steam\steamapps\common\AoE2DE\resources\_common\ai\AoE2ScenarioParser-master\AoE2ScenarioParser\datasets\trigger_lists\damage_class.py","855C5C6D822C3995E760362A8885D54A30152534F4E8EF609C2166E7963334A9"
"C:\Program Files (x86)\Steam\steamapps\common\AoE2DE\resources\_common\ai\AoE2ScenarioParser-master\AoE2ScenarioParser\datasets\trigger_lists\decision_option.py","C0A7E6709E3F4FFC9AE442699FA64F81EDDE9A83F8B883F3A56EE574A5E90832"
"C:\Program Files (x86)\Steam\steamapps\common\AoE2DE\resources\_common\ai\AoE2ScenarioParser-master\AoE2ScenarioParser\datasets\trigger_lists\difficulty_level.py","1DFE87D0C0E90F087A6E82FEA402D115343839F5DE1BC8889D4BA49EE574C94D"
"C:\Program Files (x86)\Steam\steamapps\common\AoE2DE\resources\_common\ai\AoE2ScenarioParser-master\AoE2ScenarioParser\datasets\trigger_lists\diplomacy_state.py","8C8C8E96F413EF32CA68A8FA55EF5A61DED059D0BC06CB46A9AA46A093A88ED6"
"C:\Program Files (x86)\Steam\steamapps\common\AoE2DE\resources\_common\ai\AoE2ScenarioParser-master\AoE2ScenarioParser\datasets\trigger_lists\disable_unit_flag.py","443CEFC36075893D9FAF6C0F42663DB96D075557E54CB921EF64919C6999C6D2"
"C:\Program Files (x86)\Steam\steamapps\common\AoE2DE\resources\_common\ai\AoE2ScenarioParser-master\AoE2ScenarioParser\datasets\trigger_lists\fog_visibility.py","AB0795C2D05C544C5AD83230E0853AFE7B4C11F05B65FA8BAA61C20648FE0070"
"C:\Program Files (x86)\Steam\steamapps\common\AoE2DE\resources\_common\ai\AoE2ScenarioParser-master\AoE2ScenarioParser\datasets\trigger_lists\garrison_type.py","71D22373CAF0B356CE70BC59D58200E7D6F9893BD50416DD3DBC89EEFD31F1DD"
"C:\Program Files (x86)\Steam\steamapps\common\AoE2DE\resources\_common\ai\AoE2ScenarioParser-master\AoE2ScenarioParser\datasets\trigger_lists\hero_status_flag.py","C35861D77B14E68F0CAAE336468468E60D93EBD5036F42FD0CD12C509034009A"
"C:\Program Files (x86)\Steam\steamapps\common\AoE2DE\resources\_common\ai\AoE2ScenarioParser-master\AoE2ScenarioParser\datasets\trigger_lists\hotkey.py","EADB4DA8591709133BD4141A403D1DEC63A9CDE83F002A1B9F75257262C9A661"
"C:\Program Files (x86)\Steam\steamapps\common\AoE2DE\resources\_common\ai\AoE2ScenarioParser-master\AoE2ScenarioParser\datasets\trigger_lists\local_technology.py","87CC46558BF4C0C6689A3BE84C9BED17977175F8C7039B9576509B0F1C10F704"
"C:\Program Files (x86)\Steam\steamapps\common\AoE2DE\resources\_common\ai\AoE2ScenarioParser-master\AoE2ScenarioParser\datasets\trigger_lists\object_attribute.py","5C20A77F80F24DD44969A069BA5BBAA10322AF7C349FAE577ECA57B9ED94FA48"
"C:\Program Files (x86)\Steam\steamapps\common\AoE2DE\resources\_common\ai\AoE2ScenarioParser-master\AoE2ScenarioParser\datasets\trigger_lists\object_class.py","1E834BCFD69CF68CDD80B17062BEAD40DD1D289A98E683D35448FC00E91491AB"
"C:\Program Files (x86)\Steam\steamapps\common\AoE2DE\resources\_common\ai\AoE2ScenarioParser-master\AoE2ScenarioParser\datasets\trigger_lists\object_modify_attribute_state.py","66CD4FA5189FC0E2E72543176A59C7B1B07F41A09A32BB8AFBAE85C14511831C"
"C:\Program Files (x86)\Steam\steamapps\common\AoE2DE\resources\_common\ai\AoE2ScenarioParser-master\AoE2ScenarioParser\datasets\trigger_lists\object_state.py","966502D5CA7A2868019C9CA7FF2DAEADC8AF82236E8311CDAEC7A46B4DF3B132"
"C:\Program Files (x86)\Steam\steamapps\common\AoE2DE\resources\_common\ai\AoE2ScenarioParser-master\AoE2ScenarioParser\datasets\trigger_lists\object_type.py","F14D6FA7AC16004245F72788076DEFC7325DC62F918FA3AC126D870CDC1EA3D9"
"C:\Program Files (x86)\Steam\steamapps\common\AoE2DE\resources\_common\ai\AoE2ScenarioParser-master\AoE2ScenarioParser\datasets\trigger_lists\obstruction_type.py","E480FD453479253C11BED15B5BE9502D64E4C16B3E35FAA045A02D68F3673B8A"
"C:\Program Files (x86)\Steam\steamapps\common\AoE2DE\resources\_common\ai\AoE2ScenarioParser-master\AoE2ScenarioParser\datasets\trigger_lists\occlusion_mode.py","958A272E9C58A2CEAB612AAB9EFEB2A6565D7EA3180C9F787E76FA5A1D0571DB"
"C:\Program Files (x86)\Steam\steamapps\common\AoE2DE\resources\_common\ai\AoE2ScenarioParser-master\AoE2ScenarioParser\datasets\trigger_lists\operation.py","2EA3120D1809F1282A252793D2387B9F2404A98E43C443B905547759908C39A3"
"C:\Program Files (x86)\Steam\steamapps\common\AoE2DE\resources\_common\ai\AoE2ScenarioParser-master\AoE2ScenarioParser\datasets\trigger_lists\panel_location.py","3F64ECD6D5DC78E51D4911C325A67FE942F3EC59C063D76533F0C2B84A3211D1"
"C:\Program Files (x86)\Steam\steamapps\common\AoE2DE\resources\_common\ai\AoE2ScenarioParser-master\AoE2ScenarioParser\datasets\trigger_lists\projectile_hit_mode.py","3486370E539CED85EC9ACA90F39C4D552C86D236121D7AE949694D8EC14C3660"
"C:\Program Files (x86)\Steam\steamapps\common\AoE2DE\resources\_common\ai\AoE2ScenarioParser-master\AoE2ScenarioParser\datasets\trigger_lists\projectile_smart_mode.py","1FCB66B649FF23642F97A56B121490C751492480B3D93C85F2027AB4DEEACA76"
"C:\Program Files (x86)\Steam\steamapps\common\AoE2DE\resources\_common\ai\AoE2ScenarioParser-master\AoE2ScenarioParser\datasets\trigger_lists\projectile_vanish_mode.py","634D96B8768F1AAE9C260F9CA3DD68CC46935A2849BD037A98D5A8F9A6CC4E66"
"C:\Program Files (x86)\Steam\steamapps\common\AoE2DE\resources\_common\ai\AoE2ScenarioParser-master\AoE2ScenarioParser\datasets\trigger_lists\secondary_game_mode.py","17808F7C718F4EBD043BEBA4B64A9AD857016136AAE95992B3368B56979D9C38"
"C:\Program Files (x86)\Steam\steamapps\common\AoE2DE\resources\_common\ai\AoE2ScenarioParser-master\AoE2ScenarioParser\datasets\trigger_lists\selection_effect.py","3BC6D5F85E0E4833ECABF5AFF32A8DD33AC56C9627557C64674560FE41359649"
"C:\Program Files (x86)\Steam\steamapps\common\AoE2DE\resources\_common\ai\AoE2ScenarioParser-master\AoE2ScenarioParser\datasets\trigger_lists\technology_state.py","735488E34F4A096F9A049125403EF3DAAC68C21271C5B3751B556663542C5376"
"C:\Program Files (x86)\Steam\steamapps\common\AoE2DE\resources\_common\ai\AoE2ScenarioParser-master\AoE2ScenarioParser\datasets\trigger_lists\terrain_restrictions.py","E88EA0CCF1227CC698B28E09BDEFD5D98FE14D3FEEA16060AFCDAA18C40E7D2E"
"C:\Program Files (x86)\Steam\steamapps\common\AoE2DE\resources\_common\ai\AoE2ScenarioParser-master\AoE2ScenarioParser\datasets\trigger_lists\time_unit.py","ABC8359A1302C87111DC7D61CDB2EB74521B8CBB316BC8ECA07DEF3FE699DD47"
"C:\Program Files (x86)\Steam\steamapps\common\AoE2DE\resources\_common\ai\AoE2ScenarioParser-master\AoE2ScenarioParser\datasets\trigger_lists\unit_ai_action.py","4F7ECD0335E0188F69AC7E964BA321547471102DDC5C71105A7113A5E1A9E18E"
"C:\Program Files (x86)\Steam\steamapps\common\AoE2DE\resources\_common\ai\AoE2ScenarioParser-master\AoE2ScenarioParser\datasets\trigger_lists\unit_trait.py","667587E8AE50A0D31B18B2E6DAC81E2135F0B7C47F88E2B1CBE8BF7EE7C305B5"
"C:\Program Files (x86)\Steam\steamapps\common\AoE2DE\resources\_common\ai\AoE2ScenarioParser-master\AoE2ScenarioParser\datasets\trigger_lists\victory_condition.py","1B4411D20B588B29DC0EE3BD03E8DB975F3991E45CC9D8FE0E8FB451B66EB98E"
"C:\Program Files (x86)\Steam\steamapps\common\AoE2DE\resources\_common\ai\AoE2ScenarioParser-master\AoE2ScenarioParser\datasets\trigger_lists\victory_timer_type.py","3836CC3199841455599F6BF29554AE0FDB5C871818805E59ECADDF71484097B2"
"C:\Program Files (x86)\Steam\steamapps\common\AoE2DE\resources\_common\ai\AoE2ScenarioParser-master\AoE2ScenarioParser\datasets\trigger_lists\visibility_state.py","07DE7DE100F074F7C20AC4CCDEEE023593900381365787957F708D8EE225157C"
"C:\Program Files (x86)\Steam\steamapps\common\AoE2DE\resources\_common\ai\AoE2ScenarioParser-master\AoE2ScenarioParser\datasets\units.py","598C103B7E08D3B8A4C512387C8FB224C0CA706F8C415F6321533B6EF996E336"
"C:\Program Files (x86)\Steam\steamapps\common\AoE2DE\resources\_common\ai\AoE2ScenarioParser-master\AoE2ScenarioParser\dependencies\xs-check\xs-check","6961AB237DCABD67CAAE8EFD99BBC6ED5ECFEABE74AA223DB23F99AC02927646"
"C:\Program Files (x86)\Steam\steamapps\common\AoE2DE\resources\_common\ai\AoE2ScenarioParser-master\AoE2ScenarioParser\dependencies\xs-check\xs-check.exe","12DD4ABA0CF3F494E2317DB90B722692783F04913F85D8F3E95CC4197C46DA6E"
"C:\Program Files (x86)\Steam\steamapps\common\AoE2DE\resources\_common\ai\AoE2ScenarioParser-master\AoE2ScenarioParser\exceptions\__init__.py","E3B0C44298FC1C149AFBF4C8996FB92427AE41E4649B934CA495991B7852B855"
"C:\Program Files (x86)\Steam\steamapps\common\AoE2DE\resources\_common\ai\AoE2ScenarioParser-master\AoE2ScenarioParser\exceptions\__pycache__\__init__.cpython-313.pyc","A2CF9A28A506AC03FFBBF1273CC057DF9DD00EC81467EF6C1BBB82EE5E5F3B7A"
"C:\Program Files (x86)\Steam\steamapps\common\AoE2DE\resources\_common\ai\AoE2ScenarioParser-master\AoE2ScenarioParser\exceptions\__pycache__\asp_exceptions.cpython-313.pyc","01D44BAB0F6CA1A54042CAF03D2B101C0FC9A3D5F4552F4E61B3A53939E65CB3"
"C:\Program Files (x86)\Steam\steamapps\common\AoE2DE\resources\_common\ai\AoE2ScenarioParser-master\AoE2ScenarioParser\exceptions\__pycache__\asp_warnings.cpython-313.pyc","791F23AD0CFFE519F17B4FEFBC9F536C085E639F9466282542311DC087948CD2"
"C:\Program Files (x86)\Steam\steamapps\common\AoE2DE\resources\_common\ai\AoE2ScenarioParser-master\AoE2ScenarioParser\exceptions\asp_exceptions.py","4903A52476CE834E8C21C99F8B288D78010A2DE6D9E78DFC914F72A33733ABC1"
"C:\Program Files (x86)\Steam\steamapps\common\AoE2DE\resources\_common\ai\AoE2ScenarioParser-master\AoE2ScenarioParser\exceptions\asp_warnings.py","8168C454295A773114B4AC67289DCF7DC7C804C24EF31C7892F844C9E8BA5D7A"
"C:\Program Files (x86)\Steam\steamapps\common\AoE2DE\resources\_common\ai\AoE2ScenarioParser-master\AoE2ScenarioParser\helper\__init__.py","E3B0C44298FC1C149AFBF4C8996FB92427AE41E4649B934CA495991B7852B855"
"C:\Program Files (x86)\Steam\steamapps\common\AoE2DE\resources\_common\ai\AoE2ScenarioParser-master\AoE2ScenarioParser\helper\__pycache__\__init__.cpython-313.pyc","65416E50421021D9196FEF014D2A6CC05F39A373FEEA34000AA68FEFB62E681A"
"C:\Program Files (x86)\Steam\steamapps\common\AoE2DE\resources\_common\ai\AoE2ScenarioParser-master\AoE2ScenarioParser\helper\__pycache__\attr_dict.cpython-313.pyc","7289935205243777495F80BE8CBDD0A00DA5C4A184F074CD85DD55A82B246C72"
"C:\Program Files (x86)\Steam\steamapps\common\AoE2DE\resources\_common\ai\AoE2ScenarioParser-master\AoE2ScenarioParser\helper\__pycache__\bytes_conversions.cpython-313.pyc","127594B891E5F12DDCB7AA0D0C68E3A13212826800684638CDDC98825C22A3D9"
"C:\Program Files (x86)\Steam\steamapps\common\AoE2DE\resources\_common\ai\AoE2ScenarioParser-master\AoE2ScenarioParser\helper\__pycache__\bytes_parser.cpython-313.pyc","D2F7F8C21B76DAAECF2BC247345D9CAA19B869296E75CC1200FCE5EBEDA3AB42"
"C:\Program Files (x86)\Steam\steamapps\common\AoE2DE\resources\_common\ai\AoE2ScenarioParser-master\AoE2ScenarioParser\helper\__pycache__\helper.cpython-313.pyc","7FA528E81C7D989DA5854190EF7598D9F38A5A3A39DD091EAD32E55F39179CFF"
"C:\Program Files (x86)\Steam\steamapps\common\AoE2DE\resources\_common\ai\AoE2ScenarioParser-master\AoE2ScenarioParser\helper\__pycache__\incremental_generator.cpython-313.pyc","EC822490FBF5A3C3FB7D370538EBEDE736FCE86F02D8BE6960B5F9F2469D20FC"
"C:\Program Files (x86)\Steam\steamapps\common\AoE2DE\resources\_common\ai\AoE2ScenarioParser-master\AoE2ScenarioParser\helper\__pycache__\list_functions.cpython-313.pyc","692A99569CB196F96DC7826F1E6BD59282CD2E0315E07374AD79552C6B55CAEC"
"C:\Program Files (x86)\Steam\steamapps\common\AoE2DE\resources\_common\ai\AoE2ScenarioParser-master\AoE2ScenarioParser\helper\__pycache__\maffs.cpython-313.pyc","11CD5806C280F9CD87BB78B2334C5E8926C2327433B2CCCDC8B364708BCEA888"
"C:\Program Files (x86)\Steam\steamapps\common\AoE2DE\resources\_common\ai\AoE2ScenarioParser-master\AoE2ScenarioParser\helper\__pycache__\pretty_format.cpython-313.pyc","CFAC61FAFB5FFF9DCB7868AF7A2B40CFEC100282EEE3A0BAC7BB7D0B5FB24000"
"C:\Program Files (x86)\Steam\steamapps\common\AoE2DE\resources\_common\ai\AoE2ScenarioParser-master\AoE2ScenarioParser\helper\__pycache__\printers.cpython-313.pyc","F29CAA0157711DC5D2E4B237284661BCFB2F9FB00AD142AECC837D66186BD3F5"
"C:\Program Files (x86)\Steam\steamapps\common\AoE2DE\resources\_common\ai\AoE2ScenarioParser-master\AoE2ScenarioParser\helper\__pycache__\string_manipulations.cpython-313.pyc","3E235CC1F3F4B752391746623F2D93BD1365CDBC16DCA0C496E80B860EEAFA89"
"C:\Program Files (x86)\Steam\steamapps\common\AoE2DE\resources\_common\ai\AoE2ScenarioParser-master\AoE2ScenarioParser\helper\__pycache__\version_check.cpython-313.pyc","D44D4740B0C404DB30F4AF6E091E097C432EB9D2E2140EB42247B5C3CF05D8EE"
"C:\Program Files (x86)\Steam\steamapps\common\AoE2DE\resources\_common\ai\AoE2ScenarioParser-master\AoE2ScenarioParser\helper\attr_dict.py","E99BC4D326B4A26D57CC927A0552ACD7F2C3FAC81F90FF04779581E7A43936B3"
"C:\Program Files (x86)\Steam\steamapps\common\AoE2DE\resources\_common\ai\AoE2ScenarioParser-master\AoE2ScenarioParser\helper\bytes_conversions.py","5CD1FBA05F321E216F8D8505D95FDA0BE62E45680F7AB1BA7034D570F5ECBE0F"
"C:\Program Files (x86)\Steam\steamapps\common\AoE2DE\resources\_common\ai\AoE2ScenarioParser-master\AoE2ScenarioParser\helper\bytes_parser.py","E35AFC88582B90474FEC5BA606A8CF4457B654777103FD60E71FE36673902902"
"C:\Program Files (x86)\Steam\steamapps\common\AoE2DE\resources\_common\ai\AoE2ScenarioParser-master\AoE2ScenarioParser\helper\helper.py","13930B5DD41D6DC65254841EFAFBA71D42F2E88B7531DCE94AECBF1EB95320D6"
"C:\Program Files (x86)\Steam\steamapps\common\AoE2DE\resources\_common\ai\AoE2ScenarioParser-master\AoE2ScenarioParser\helper\incremental_generator.py","495329DF749F479DEFBA16C7EEB4508153BF404EDC717D6A7D4F98EB5B734F6A"
"C:\Program Files (x86)\Steam\steamapps\common\AoE2DE\resources\_common\ai\AoE2ScenarioParser-master\AoE2ScenarioParser\helper\list_functions.py","5065D0867F23E17A47F980CE5F8A943AD0D6ECCF2EF163451202246DCB8D02D4"
"C:\Program Files (x86)\Steam\steamapps\common\AoE2DE\resources\_common\ai\AoE2ScenarioParser-master\AoE2ScenarioParser\helper\maffs.py","C7AE1A430FBC1710E773DE2B682BC21E561BDA9313D821EE7C2FC136756ACE74"
"C:\Program Files (x86)\Steam\steamapps\common\AoE2DE\resources\_common\ai\AoE2ScenarioParser-master\AoE2ScenarioParser\helper\pretty_format.py","5326F131A6230040228059C1AC7612EE33C276F69F61B93BE59E64CA688C93C2"
"C:\Program Files (x86)\Steam\steamapps\common\AoE2DE\resources\_common\ai\AoE2ScenarioParser-master\AoE2ScenarioParser\helper\printers.py","141AF2A61B4574F842FE70E61342E23A2544C1BF729592889F04B6252B1848FA"
"C:\Program Files (x86)\Steam\steamapps\common\AoE2DE\resources\_common\ai\AoE2ScenarioParser-master\AoE2ScenarioParser\helper\string_manipulations.py","27F931082DEACBF4936BF8898A986EBF9222C8773A3954852D31B9E31BA7C08F"
"C:\Program Files (x86)\Steam\steamapps\common\AoE2DE\resources\_common\ai\AoE2ScenarioParser-master\AoE2ScenarioParser\helper\version_check.py","2F28E2240E5F135B0070A740BF622FEDECA1D1543D70D4BEA7D1159A0C5492E0"
"C:\Program Files (x86)\Steam\steamapps\common\AoE2DE\resources\_common\ai\AoE2ScenarioParser-master\AoE2ScenarioParser\objects\__init__.py","E3B0C44298FC1C149AFBF4C8996FB92427AE41E4649B934CA495991B7852B855"
"C:\Program Files (x86)\Steam\steamapps\common\AoE2DE\resources\_common\ai\AoE2ScenarioParser-master\AoE2ScenarioParser\objects\__pycache__\__init__.cpython-313.pyc","D034C72B85E582601A0BF1BBBF8A90200794D051FF5CF00F0E8A26C2407173ED"
"C:\Program Files (x86)\Steam\steamapps\common\AoE2DE\resources\_common\ai\AoE2ScenarioParser-master\AoE2ScenarioParser\objects\__pycache__\aoe2_object.cpython-313.pyc","7C6F8F61EB17FD5270B98A605C7FA4E90E1EA1CF47CB2BC6D510B5EB2ACCE17A"
"C:\Program Files (x86)\Steam\steamapps\common\AoE2DE\resources\_common\ai\AoE2ScenarioParser-master\AoE2ScenarioParser\objects\__pycache__\aoe2_object_manager.cpython-313.pyc","39EBCDED0461F43EF11DBBC255B0EA8914DAF1F9FAD4C2D389D7A96B48DF038F"
"C:\Program Files (x86)\Steam\steamapps\common\AoE2DE\resources\_common\ai\AoE2ScenarioParser-master\AoE2ScenarioParser\objects\aoe2_object.py","B88ECF5AEE785E3F1BB8F1199A1BCB20014808F647AC7123E33A3E2E88A61D75"
"C:\Program Files (x86)\Steam\steamapps\common\AoE2DE\resources\_common\ai\AoE2ScenarioParser-master\AoE2ScenarioParser\objects\aoe2_object_manager.py","9229B63083F338868AA8F6127FE63C011C7765A8288919D9820C9F58F2FC296E"
"C:\Program Files (x86)\Steam\steamapps\common\AoE2DE\resources\_common\ai\AoE2ScenarioParser-master\AoE2ScenarioParser\objects\data_objects\__init__.py","E3B0C44298FC1C149AFBF4C8996FB92427AE41E4649B934CA495991B7852B855"
"C:\Program Files (x86)\Steam\steamapps\common\AoE2DE\resources\_common\ai\AoE2ScenarioParser-master\AoE2ScenarioParser\objects\data_objects\__pycache__\__init__.cpython-313.pyc","B0E41E259C17F332BA3EF0620EFD21B9C2D3A602E1AEDCAAF88C0AF9ACB236D0"
"C:\Program Files (x86)\Steam\steamapps\common\AoE2DE\resources\_common\ai\AoE2ScenarioParser-master\AoE2ScenarioParser\objects\data_objects\__pycache__\condition.cpython-313.pyc","660046DE57D96A94DD58DE95198B752C9952BCC8177CC3669C8FD86D0A2725EB"
"C:\Program Files (x86)\Steam\steamapps\common\AoE2DE\resources\_common\ai\AoE2ScenarioParser-master\AoE2ScenarioParser\objects\data_objects\__pycache__\effect.cpython-313.pyc","F1C386BF93B9690FC028C7D8586F99097A5BA73D6864BB6099A1F6F43FC04B23"
"C:\Program Files (x86)\Steam\steamapps\common\AoE2DE\resources\_common\ai\AoE2ScenarioParser-master\AoE2ScenarioParser\objects\data_objects\__pycache__\terrain_tile.cpython-313.pyc","C1C4201F82E5F35FF48AE7BF392C7B2701FD9C9F9D79DBC3BDBB3BFD01662AE5"
"C:\Program Files (x86)\Steam\steamapps\common\AoE2DE\resources\_common\ai\AoE2ScenarioParser-master\AoE2ScenarioParser\objects\data_objects\__pycache__\trigger.cpython-313.pyc","9D4DBC8084B2194FF3A6AFD7E5257562290D85FA1F4F98EED02F3221820BE7D4"
"C:\Program Files (x86)\Steam\steamapps\common\AoE2DE\resources\_common\ai\AoE2ScenarioParser-master\AoE2ScenarioParser\objects\data_objects\__pycache__\unit.cpython-313.pyc","0EF01A7B3360E241632A353A21C9361B07FC05615A33F1609094A966181CCBAA"
"C:\Program Files (x86)\Steam\steamapps\common\AoE2DE\resources\_common\ai\AoE2ScenarioParser-master\AoE2ScenarioParser\objects\data_objects\__pycache__\variable.cpython-313.pyc","E103B6E22743E88EE0565DD832F976D26154F7787587E9C702174AA5A37A50C4"
"C:\Program Files (x86)\Steam\steamapps\common\AoE2DE\resources\_common\ai\AoE2ScenarioParser-master\AoE2ScenarioParser\objects\data_objects\condition.py","B1EB1343ED2E0468AB94BD4A196B160221012567E56D91FE2B2D64BBB99A6D7E"
"C:\Program Files (x86)\Steam\steamapps\common\AoE2DE\resources\_common\ai\AoE2ScenarioParser-master\AoE2ScenarioParser\objects\data_objects\effect.py","3A948532FA19961DD7A231270B8599815030D117E35FD16E61C89F16A94B3A1D"
"C:\Program Files (x86)\Steam\steamapps\common\AoE2DE\resources\_common\ai\AoE2ScenarioParser-master\AoE2ScenarioParser\objects\data_objects\player\__init__.py","E3B0C44298FC1C149AFBF4C8996FB92427AE41E4649B934CA495991B7852B855"
"C:\Program Files (x86)\Steam\steamapps\common\AoE2DE\resources\_common\ai\AoE2ScenarioParser-master\AoE2ScenarioParser\objects\data_objects\player\__pycache__\__init__.cpython-313.pyc","F91615583567B020E2F1ACB6C240070581812B5E429DC3812E84ED8C880BC285"
"C:\Program Files (x86)\Steam\steamapps\common\AoE2DE\resources\_common\ai\AoE2ScenarioParser-master\AoE2ScenarioParser\objects\data_objects\player\__pycache__\player.cpython-313.pyc","5E05501412CB6C979119751E810DCA54764ADA5E3CEABFF418470480BE6042E1"
"C:\Program Files (x86)\Steam\steamapps\common\AoE2DE\resources\_common\ai\AoE2ScenarioParser-master\AoE2ScenarioParser\objects\data_objects\player\__pycache__\player_data_four.cpython-313.pyc","C24AE888D79F8CCD2051E2D9B7ABB65057F709220666C38366844A337F68CEE6"
"C:\Program Files (x86)\Steam\steamapps\common\AoE2DE\resources\_common\ai\AoE2ScenarioParser-master\AoE2ScenarioParser\objects\data_objects\player\__pycache__\player_data_three.cpython-313.pyc","1D92BFE3158C5EE89B4CCDE0E7BB5BDA51FFD60C889D0B5E25B1A0ECC42B7EA5"
"C:\Program Files (x86)\Steam\steamapps\common\AoE2DE\resources\_common\ai\AoE2ScenarioParser-master\AoE2ScenarioParser\objects\data_objects\player\__pycache__\player_diplomacy.cpython-313.pyc","9B79F722CBF2EF05D3E2A1D9E617C15364A2E6B2C48550275D5F5A14935F5793"
"C:\Program Files (x86)\Steam\steamapps\common\AoE2DE\resources\_common\ai\AoE2ScenarioParser-master\AoE2ScenarioParser\objects\data_objects\player\__pycache__\player_initial_view.cpython-313.pyc","6AD5858BFE0DFBB5A7049A9C426B450B95ACA352FEE001FB35BD786E385851A9"
"C:\Program Files (x86)\Steam\steamapps\common\AoE2DE\resources\_common\ai\AoE2ScenarioParser-master\AoE2ScenarioParser\objects\data_objects\player\__pycache__\player_meta_data.cpython-313.pyc","A1949EFB22CEFDAA1F7E326D404F90A24101ECE7DAE11F6CFC347F7B7864929F"
"C:\Program Files (x86)\Steam\steamapps\common\AoE2DE\resources\_common\ai\AoE2ScenarioParser-master\AoE2ScenarioParser\objects\data_objects\player\__pycache__\player_resources.cpython-313.pyc","A4186E811A6389F5E24AC655D83AEE8C80AFDDC5CA1E051E96F121FA082C4928"
"C:\Program Files (x86)\Steam\steamapps\common\AoE2DE\resources\_common\ai\AoE2ScenarioParser-master\AoE2ScenarioParser\objects\data_objects\player\player.py","420964F9C23AD3F41FD96B60664A3B5583957438CC354EF90FA27D54906CDE82"
"C:\Program Files (x86)\Steam\steamapps\common\AoE2DE\resources\_common\ai\AoE2ScenarioParser-master\AoE2ScenarioParser\objects\data_objects\player\player_data_four.py","CB874C36478FD875AD13B1EFA206ABEB78CE33CF899272EF04F8F9EC7531138C"
"C:\Program Files (x86)\Steam\steamapps\common\AoE2DE\resources\_common\ai\AoE2ScenarioParser-master\AoE2ScenarioParser\objects\data_objects\player\player_data_three.py","A4BF95F63D7C5C555DC8E2D504DD4133BB7B5FCD624960FD3EBAECFCBC70EB08"
"C:\Program Files (x86)\Steam\steamapps\common\AoE2DE\resources\_common\ai\AoE2ScenarioParser-master\AoE2ScenarioParser\objects\data_objects\player\player_diplomacy.py","2C154BC80687D4F79467BC1CE553B08A7A5AB25806F3CBC00166A25E700FCAD2"
"C:\Program Files (x86)\Steam\steamapps\common\AoE2DE\resources\_common\ai\AoE2ScenarioParser-master\AoE2ScenarioParser\objects\data_objects\player\player_initial_view.py","0FF224782F3A001D5757C4E2BB3D0B394C659E2D935D2FD23FCAF94852E9AFEB"
"C:\Program Files (x86)\Steam\steamapps\common\AoE2DE\resources\_common\ai\AoE2ScenarioParser-master\AoE2ScenarioParser\objects\data_objects\player\player_meta_data.py","1B729FB4C01148F937EE7A244F967BC078B4C84C31297745F4A733FCA6979625"
"C:\Program Files (x86)\Steam\steamapps\common\AoE2DE\resources\_common\ai\AoE2ScenarioParser-master\AoE2ScenarioParser\objects\data_objects\player\player_resources.py","92320A342469BEAD803519CBBF127F61036C63DB52D1BC337C7BCED9F16B29A1"
"C:\Program Files (x86)\Steam\steamapps\common\AoE2DE\resources\_common\ai\AoE2ScenarioParser-master\AoE2ScenarioParser\objects\data_objects\terrain_tile.py","F3A4E63CCC24348CBF81D07770A97B0046B9F9A0C0CCAC85BED1DF8E1D36249A"
"C:\Program Files (x86)\Steam\steamapps\common\AoE2DE\resources\_common\ai\AoE2ScenarioParser-master\AoE2ScenarioParser\objects\data_objects\trigger.py","A0C49CA8B14354BCFBFA90A3316E7EE14351C9F5066340F644EDCC9BA4A0B985"
"C:\Program Files (x86)\Steam\steamapps\common\AoE2DE\resources\_common\ai\AoE2ScenarioParser-master\AoE2ScenarioParser\objects\data_objects\unit.py","01F4BFC74327CE72BDA45C136A405040FBE2921D412065BB0F224BE355D6D004"
"C:\Program Files (x86)\Steam\steamapps\common\AoE2DE\resources\_common\ai\AoE2ScenarioParser-master\AoE2ScenarioParser\objects\data_objects\units\__init__.py","E3B0C44298FC1C149AFBF4C8996FB92427AE41E4649B934CA495991B7852B855"
"C:\Program Files (x86)\Steam\steamapps\common\AoE2DE\resources\_common\ai\AoE2ScenarioParser-master\AoE2ScenarioParser\objects\data_objects\units\__pycache__\__init__.cpython-313.pyc","6576620E2D76CFBB6292C24EA1C3648D362CC00A8B75F422F166A24C7E2EDAFB"
"C:\Program Files (x86)\Steam\steamapps\common\AoE2DE\resources\_common\ai\AoE2ScenarioParser-master\AoE2ScenarioParser\objects\data_objects\units\__pycache__\player_units.cpython-313.pyc","3D4E627B59FF6D5AB0427B982755C36AB53D996372EBB4351621889C58EB0409"
"C:\Program Files (x86)\Steam\steamapps\common\AoE2DE\resources\_common\ai\AoE2ScenarioParser-master\AoE2ScenarioParser\objects\data_objects\units\player_units.py","1107C793D2E7ACF09E918F7832CE616A029FAB949223263E53BDEF2A9F412A52"
"C:\Program Files (x86)\Steam\steamapps\common\AoE2DE\resources\_common\ai\AoE2ScenarioParser-master\AoE2ScenarioParser\objects\data_objects\variable.py","BD6C1F6B02B69AD77ED316A82270C39795D85951EE2E6F5C546A6A927F95FDC6"
"C:\Program Files (x86)\Steam\steamapps\common\AoE2DE\resources\_common\ai\AoE2ScenarioParser-master\AoE2ScenarioParser\objects\managers\__init__.py","E3B0C44298FC1C149AFBF4C8996FB92427AE41E4649B934CA495991B7852B855"
"C:\Program Files (x86)\Steam\steamapps\common\AoE2DE\resources\_common\ai\AoE2ScenarioParser-master\AoE2ScenarioParser\objects\managers\__pycache__\__init__.cpython-313.pyc","F27D60C4A8259C62E712AF59F34AF52966E36A3201C72A64AAF5843EF129626F"
"C:\Program Files (x86)\Steam\steamapps\common\AoE2DE\resources\_common\ai\AoE2ScenarioParser-master\AoE2ScenarioParser\objects\managers\__pycache__\map_manager.cpython-313.pyc","469DDB8B980799EEE2E98E7860AE20A80A25F9149D869FDB5C497B0D13D08FF8"
"C:\Program Files (x86)\Steam\steamapps\common\AoE2DE\resources\_common\ai\AoE2ScenarioParser-master\AoE2ScenarioParser\objects\managers\__pycache__\message_manager.cpython-313.pyc","842EF5945F98D3FA3BF4A82D924207AD31B3701AD177ADA9D1D759F23EF91468"
"C:\Program Files (x86)\Steam\steamapps\common\AoE2DE\resources\_common\ai\AoE2ScenarioParser-master\AoE2ScenarioParser\objects\managers\__pycache__\option_manager.cpython-313.pyc","D91992927687A302EB81DBDCD69D8A3A0C2C1A26CD716B3E9AA13063D9E85ECB"
"C:\Program Files (x86)\Steam\steamapps\common\AoE2DE\resources\_common\ai\AoE2ScenarioParser-master\AoE2ScenarioParser\objects\managers\__pycache__\player_manager.cpython-313.pyc","1C61CB6A9333E8E4958EECB901F7A31E66A2DE0056516B5C14FF2FB0EF0EC580"
"C:\Program Files (x86)\Steam\steamapps\common\AoE2DE\resources\_common\ai\AoE2ScenarioParser-master\AoE2ScenarioParser\objects\managers\__pycache__\trigger_manager.cpython-313.pyc","5F98D4910F346ABF630585F300DBC2F8C9D7CA6402ACDC71FD39749BEF6CAD5B"
"C:\Program Files (x86)\Steam\steamapps\common\AoE2DE\resources\_common\ai\AoE2ScenarioParser-master\AoE2ScenarioParser\objects\managers\__pycache__\unit_manager.cpython-313.pyc","87AF0670E92FBCC403DCCD96A51884514A8460A2185A1115DD44D5A1486C81F8"
"C:\Program Files (x86)\Steam\steamapps\common\AoE2DE\resources\_common\ai\AoE2ScenarioParser-master\AoE2ScenarioParser\objects\managers\__pycache__\xs_manager.cpython-313.pyc","95C0C8C97A25718B11C5B16ADA0664AE93700D427D5B5DE299C1A8173F346E1E"
"C:\Program Files (x86)\Steam\steamapps\common\AoE2DE\resources\_common\ai\AoE2ScenarioParser-master\AoE2ScenarioParser\objects\managers\map_manager.py","BC8A5618251B587CB80D1708F9582409243254ADBEC8C50A989E20F5D3469F24"
"C:\Program Files (x86)\Steam\steamapps\common\AoE2DE\resources\_common\ai\AoE2ScenarioParser-master\AoE2ScenarioParser\objects\managers\message_manager.py","4273D1FA72AC816038F83A689B0A1FEA513CD7067A2F471CE9F220AD6835C0F6"
"C:\Program Files (x86)\Steam\steamapps\common\AoE2DE\resources\_common\ai\AoE2ScenarioParser-master\AoE2ScenarioParser\objects\managers\option_manager.py","A06A2924869C660A66D38F817BE25ADB980A32308FF98080108C70B4F87B3B90"
"C:\Program Files (x86)\Steam\steamapps\common\AoE2DE\resources\_common\ai\AoE2ScenarioParser-master\AoE2ScenarioParser\objects\managers\player_manager.py","4CB27E4734B9BF3C3315B944CD205DAC784A0C3BC80F7D3F893FC29DD6903AE2"
"C:\Program Files (x86)\Steam\steamapps\common\AoE2DE\resources\_common\ai\AoE2ScenarioParser-master\AoE2ScenarioParser\objects\managers\trigger_manager.py","E3F3829A0013CDDC3877D54D7627CBDA89996371B86147707BF33D38A9CC841F"
"C:\Program Files (x86)\Steam\steamapps\common\AoE2DE\resources\_common\ai\AoE2ScenarioParser-master\AoE2ScenarioParser\objects\managers\unit_manager.py","0E00DBEA209053BE7C06F5E69FDB5E4507291DA5630BE2A0BC479C2BC88F16F1"
"C:\Program Files (x86)\Steam\steamapps\common\AoE2DE\resources\_common\ai\AoE2ScenarioParser-master\AoE2ScenarioParser\objects\managers\xs_manager.py","BD21DF17357E7728662B998AE1AC7E16BEC3FE8E2F0AC7B0E72DEC96786564AA"
"C:\Program Files (x86)\Steam\steamapps\common\AoE2DE\resources\_common\ai\AoE2ScenarioParser-master\AoE2ScenarioParser\objects\support\__init__.py","E3B0C44298FC1C149AFBF4C8996FB92427AE41E4649B934CA495991B7852B855"
"C:\Program Files (x86)\Steam\steamapps\common\AoE2DE\resources\_common\ai\AoE2ScenarioParser-master\AoE2ScenarioParser\objects\support\__pycache__\__init__.cpython-313.pyc","6E544DCA903BFD3D635B8DBBA21369EC5F041B02D036046142A7BC5CB7FB1785"
"C:\Program Files (x86)\Steam\steamapps\common\AoE2DE\resources\_common\ai\AoE2ScenarioParser-master\AoE2ScenarioParser\objects\support\__pycache__\area.cpython-313.pyc","F395595171DA9EEC0C86E12A5D3EBA44B04F63151DD794BCFA10306B303C88DD"
"C:\Program Files (x86)\Steam\steamapps\common\AoE2DE\resources\_common\ai\AoE2ScenarioParser-master\AoE2ScenarioParser\objects\support\__pycache__\attr_presentation.cpython-313.pyc","285EFE2591E5F334B5B700AAAC820DE99DB290CCB7DBC9E54724426A7ED90B97"
"C:\Program Files (x86)\Steam\steamapps\common\AoE2DE\resources\_common\ai\AoE2ScenarioParser-master\AoE2ScenarioParser\objects\support\__pycache__\new_condition.cpython-313.pyc","17DF9117A796FEFF556282930F394F2297F79358288266950680DE225337C0D1"
"C:\Program Files (x86)\Steam\steamapps\common\AoE2DE\resources\_common\ai\AoE2ScenarioParser-master\AoE2ScenarioParser\objects\support\__pycache__\new_effect.cpython-313.pyc","1A845DA5B1ED45580BDBAC1B664346BB6278A65E0A508F22C98B2DF3D83754A3"
"C:\Program Files (x86)\Steam\steamapps\common\AoE2DE\resources\_common\ai\AoE2ScenarioParser-master\AoE2ScenarioParser\objects\support\__pycache__\tile.cpython-313.pyc","88EDAD755F80070A767CA889D8C1E3961D9925A55ED052D731B49FC5E6806CC9"
"C:\Program Files (x86)\Steam\steamapps\common\AoE2DE\resources\_common\ai\AoE2ScenarioParser-master\AoE2ScenarioParser\objects\support\__pycache__\trigger_ce_lock.cpython-313.pyc","1484B29ADE3C4DC8D13B57258648CD1C1CD7D6C2EC6F69E691E84A5B635A3023"
"C:\Program Files (x86)\Steam\steamapps\common\AoE2DE\resources\_common\ai\AoE2ScenarioParser-master\AoE2ScenarioParser\objects\support\__pycache__\trigger_object.cpython-313.pyc","065E1D4E2EE1AE49D5E6EB1ED055768CA13710BEF1FBB33A3492D08882DB0B2B"
"C:\Program Files (x86)\Steam\steamapps\common\AoE2DE\resources\_common\ai\AoE2ScenarioParser-master\AoE2ScenarioParser\objects\support\__pycache__\trigger_select.cpython-313.pyc","422AA0A0F2B7EF4B253CA42A88EB8588F51AC3F5C354218B36C8F5A3EE223810"
"C:\Program Files (x86)\Steam\steamapps\common\AoE2DE\resources\_common\ai\AoE2ScenarioParser-master\AoE2ScenarioParser\objects\support\__pycache__\uuid_list.cpython-313.pyc","A69B40C3B893FFCD8B3ABF6823349C6EBF07E45FCF020085508FDAF5AED254A1"
"C:\Program Files (x86)\Steam\steamapps\common\AoE2DE\resources\_common\ai\AoE2ScenarioParser-master\AoE2ScenarioParser\objects\support\__pycache__\xs_check.cpython-313.pyc","94ABA81E6AEBD165251CDDBD97D566DD175EDB0AE87AAAEC18AD7E41CB8E5485"
"C:\Program Files (x86)\Steam\steamapps\common\AoE2DE\resources\_common\ai\AoE2ScenarioParser-master\AoE2ScenarioParser\objects\support\area.py","9EF7052BE240D874AEB83DE92EFE1B68E112507FD40874FE70E975F6695559BD"
"C:\Program Files (x86)\Steam\steamapps\common\AoE2DE\resources\_common\ai\AoE2ScenarioParser-master\AoE2ScenarioParser\objects\support\attr_presentation.py","30BB5D484E6DA6EEDCB0A66771DBF981B30BB74C29A87901B3C702A836E9AF8A"
"C:\Program Files (x86)\Steam\steamapps\common\AoE2DE\resources\_common\ai\AoE2ScenarioParser-master\AoE2ScenarioParser\objects\support\enums\__init__.py","E3B0C44298FC1C149AFBF4C8996FB92427AE41E4649B934CA495991B7852B855"
"C:\Program Files (x86)\Steam\steamapps\common\AoE2DE\resources\_common\ai\AoE2ScenarioParser-master\AoE2ScenarioParser\objects\support\enums\__pycache__\__init__.cpython-313.pyc","92B3D32A4E957ECBA88316A4B52261B7C75C9CE44C31138E57E959CF890320BA"
"C:\Program Files (x86)\Steam\steamapps\common\AoE2DE\resources\_common\ai\AoE2ScenarioParser-master\AoE2ScenarioParser\objects\support\enums\__pycache__\group_by.cpython-313.pyc","3164665F91C8C416D0BDF286EE52DAB4247DAA5CFEA6316D8F56646B9535D4CA"
"C:\Program Files (x86)\Steam\steamapps\common\AoE2DE\resources\_common\ai\AoE2ScenarioParser-master\AoE2ScenarioParser\objects\support\enums\group_by.py","F2923E65C87982F00B1F1E62902920D6728CC721370CEE9184B732D2D87F3FE5"
"C:\Program Files (x86)\Steam\steamapps\common\AoE2DE\resources\_common\ai\AoE2ScenarioParser-master\AoE2ScenarioParser\objects\support\new_condition.py","09239C77B6BB4A10AD080523A0AD77A7C3AAE538D917AFB314E016C07E661F4F"
"C:\Program Files (x86)\Steam\steamapps\common\AoE2DE\resources\_common\ai\AoE2ScenarioParser-master\AoE2ScenarioParser\objects\support\new_effect.py","598B55D15370300AFDE7C188303D3C0B8204C6EEFB197D7D2DF96E8E89BE19FE"
"C:\Program Files (x86)\Steam\steamapps\common\AoE2DE\resources\_common\ai\AoE2ScenarioParser-master\AoE2ScenarioParser\objects\support\tile.py","A96919A50132696DEA552DD108F689AD48130100FE577F410900A891D2BDF52D"
"C:\Program Files (x86)\Steam\steamapps\common\AoE2DE\resources\_common\ai\AoE2ScenarioParser-master\AoE2ScenarioParser\objects\support\trigger_ce_lock.py","8FA7998F1909FD9B30C7AA09E9B4714750A43837F9A5F99E9C956343CA2757BE"
"C:\Program Files (x86)\Steam\steamapps\common\AoE2DE\resources\_common\ai\AoE2ScenarioParser-master\AoE2ScenarioParser\objects\support\trigger_object.py","3B9D90B67EF3EA785B4ECA53F7124EBB74C9DEAD1CAA0B4C0107BE9440760B19"
"C:\Program Files (x86)\Steam\steamapps\common\AoE2DE\resources\_common\ai\AoE2ScenarioParser-master\AoE2ScenarioParser\objects\support\trigger_select.py","68EF6A5D57D90298E81225CA9AD2F44B83A6519BB2BE7AF9E327D8934A59A218"
"C:\Program Files (x86)\Steam\steamapps\common\AoE2DE\resources\_common\ai\AoE2ScenarioParser-master\AoE2ScenarioParser\objects\support\uuid_list.py","8B34971DBD49D8E4E92091B22949275EAAF0B285F311A9BD80E196E8FF346F9B"
"C:\Program Files (x86)\Steam\steamapps\common\AoE2DE\resources\_common\ai\AoE2ScenarioParser-master\AoE2ScenarioParser\objects\support\xs_check.py","1C76B28A5B3C9BF8D5959F3EE8230FCBDD6522E93A4B15262B16982D6F8E39F1"
"C:\Program Files (x86)\Steam\steamapps\common\AoE2DE\resources\_common\ai\AoE2ScenarioParser-master\AoE2ScenarioParser\scenarios\__init__.py","E3B0C44298FC1C149AFBF4C8996FB92427AE41E4649B934CA495991B7852B855"
"C:\Program Files (x86)\Steam\steamapps\common\AoE2DE\resources\_common\ai\AoE2ScenarioParser-master\AoE2ScenarioParser\scenarios\__pycache__\__init__.cpython-313.pyc","B23D36F806F86238BD626ACFC3A737DEA568A1D0CB36EB02D59A15C5800A0224"
"C:\Program Files (x86)\Steam\steamapps\common\AoE2DE\resources\_common\ai\AoE2ScenarioParser-master\AoE2ScenarioParser\scenarios\__pycache__\aoe2_de_scenario.cpython-313.pyc","5FC2B426A82A2FB7511C0EE96AB34C15599A87AC197278F8CD832A14521A1AB4"
"C:\Program Files (x86)\Steam\steamapps\common\AoE2DE\resources\_common\ai\AoE2ScenarioParser-master\AoE2ScenarioParser\scenarios\__pycache__\aoe2_scenario.cpython-313.pyc","7050C8F3722404AD55262CE5E941B44954D67FB8BF2099E0ED0CEAF3AD60B9B7"
"C:\Program Files (x86)\Steam\steamapps\common\AoE2DE\resources\_common\ai\AoE2ScenarioParser-master\AoE2ScenarioParser\scenarios\aoe2_de_scenario.py","A7799C8ABEA9586B02E76C4733AC691C8DE3B53FB1EC028786DF6F2B3E5290C4"
"C:\Program Files (x86)\Steam\steamapps\common\AoE2DE\resources\_common\ai\AoE2ScenarioParser-master\AoE2ScenarioParser\scenarios\aoe2_scenario.py","E891D8BB1FB7EF149ECD530BF93EA6042F0AF4F0835FE4466338FB3C81D3E4C7"
"C:\Program Files (x86)\Steam\steamapps\common\AoE2DE\resources\_common\ai\AoE2ScenarioParser-master\AoE2ScenarioParser\scenarios\scenario_debug\__init__.py","E3B0C44298FC1C149AFBF4C8996FB92427AE41E4649B934CA495991B7852B855"
"C:\Program Files (x86)\Steam\steamapps\common\AoE2DE\resources\_common\ai\AoE2ScenarioParser-master\AoE2ScenarioParser\scenarios\scenario_debug\__pycache__\__init__.cpython-313.pyc","C82BB718A0CCBCD15626574BDB1DF6B61FCBB528D8462293210A93266464930B"
"C:\Program Files (x86)\Steam\steamapps\common\AoE2DE\resources\_common\ai\AoE2ScenarioParser-master\AoE2ScenarioParser\scenarios\scenario_debug\__pycache__\compare.cpython-313.pyc","282AB32C77E52408297A47DB09FF9353B275923E581AE6A9C1622340241669D1"
"C:\Program Files (x86)\Steam\steamapps\common\AoE2DE\resources\_common\ai\AoE2ScenarioParser-master\AoE2ScenarioParser\scenarios\scenario_debug\compare.py","D5B12D337D346E5A329ADB8D7ABC689770673B2EC06E0343FA73B53B7AF69E91"
"C:\Program Files (x86)\Steam\steamapps\common\AoE2DE\resources\_common\ai\AoE2ScenarioParser-master\AoE2ScenarioParser\scenarios\scenario_store\__init__.py","E3B0C44298FC1C149AFBF4C8996FB92427AE41E4649B934CA495991B7852B855"
"C:\Program Files (x86)\Steam\steamapps\common\AoE2DE\resources\_common\ai\AoE2ScenarioParser-master\AoE2ScenarioParser\scenarios\scenario_store\__pycache__\__init__.cpython-313.pyc","5CB889D3A3ECC585FB701C8C15F8C47F7299B4F0ED12FEF66852594BF4E4E2E3"
"C:\Program Files (x86)\Steam\steamapps\common\AoE2DE\resources\_common\ai\AoE2ScenarioParser-master\AoE2ScenarioParser\scenarios\scenario_store\__pycache__\actions.cpython-313.pyc","0089CB1AE6A05C77BA8D2E4D76EE2BC8B398C32B4D1D8F49C0B1E2EB33348BAF"
"C:\Program Files (x86)\Steam\steamapps\common\AoE2DE\resources\_common\ai\AoE2ScenarioParser-master\AoE2ScenarioParser\scenarios\scenario_store\__pycache__\getters.cpython-313.pyc","BDCB2B1A69B09213526649449E5E9AFDFCD9617620252CBF42404B135A6AD722"
"C:\Program Files (x86)\Steam\steamapps\common\AoE2DE\resources\_common\ai\AoE2ScenarioParser-master\AoE2ScenarioParser\scenarios\scenario_store\__pycache__\store.cpython-313.pyc","30392733A1E0E1AE844324099D71221D57FC719FD992DD41BFDD6E07DB8D375B"
"C:\Program Files (x86)\Steam\steamapps\common\AoE2DE\resources\_common\ai\AoE2ScenarioParser-master\AoE2ScenarioParser\scenarios\scenario_store\actions.py","14D4D1A7821A5752B83D6D7843254681E78B248C7A8918D0404E0BE6DC27A375"
"C:\Program Files (x86)\Steam\steamapps\common\AoE2DE\resources\_common\ai\AoE2ScenarioParser-master\AoE2ScenarioParser\scenarios\scenario_store\getters.py","5E992A3E53D4E2A5C839C4A95CE49CAFCB5B739F96F990D4F98869C3C0BE42A5"
"C:\Program Files (x86)\Steam\steamapps\common\AoE2DE\resources\_common\ai\AoE2ScenarioParser-master\AoE2ScenarioParser\scenarios\scenario_store\store.py","E7A02EB48741CD3B23D4E797E232133E6430BAABA095E31D003DB2E67698B6E8"
"C:\Program Files (x86)\Steam\steamapps\common\AoE2DE\resources\_common\ai\AoE2ScenarioParser-master\AoE2ScenarioParser\scenarios\support\__pycache__\data_triggers.cpython-313.pyc","616C99F5DA59D27B798804C56425547B787CFEC0F9A11E8E8C2EF27580FEECDF"
"C:\Program Files (x86)\Steam\steamapps\common\AoE2DE\resources\_common\ai\AoE2ScenarioParser-master\AoE2ScenarioParser\scenarios\support\__pycache__\object_factory.cpython-313.pyc","6269157EC4D78BAB7E11D21B1D7ACE0D5948DEB8A6BC4276D7BA5ED80286A210"
"C:\Program Files (x86)\Steam\steamapps\common\AoE2DE\resources\_common\ai\AoE2ScenarioParser-master\AoE2ScenarioParser\scenarios\support\__pycache__\scenario_actions.cpython-313.pyc","67C3D93913CCCD3FBE007FAD498F4924EDAE7F40520E0F4ABDBD74845DEE5829"
"C:\Program Files (x86)\Steam\steamapps\common\AoE2DE\resources\_common\ai\AoE2ScenarioParser-master\AoE2ScenarioParser\scenarios\support\data_triggers.py","499F8F967EE09004F1C8878D2B5CDBDB8B586E9D888C24CA007730B41DD03CBC"
"C:\Program Files (x86)\Steam\steamapps\common\AoE2DE\resources\_common\ai\AoE2ScenarioParser-master\AoE2ScenarioParser\scenarios\support\object_factory.py","C163569AB92E976E295C5B83B2B7F2EDAF5B6670CDF7A43F6267551790FF2B66"
"C:\Program Files (x86)\Steam\steamapps\common\AoE2DE\resources\_common\ai\AoE2ScenarioParser-master\AoE2ScenarioParser\scenarios\support\scenario_actions.py","D72B23436CB7BB745C46C79FC397BBFC73BBD16D68FAEEF6F5B770CB70813441"
"C:\Program Files (x86)\Steam\steamapps\common\AoE2DE\resources\_common\ai\AoE2ScenarioParser-master\AoE2ScenarioParser\sections\__init__.py","E3B0C44298FC1C149AFBF4C8996FB92427AE41E4649B934CA495991B7852B855"
"C:\Program Files (x86)\Steam\steamapps\common\AoE2DE\resources\_common\ai\AoE2ScenarioParser-master\AoE2ScenarioParser\sections\__pycache__\__init__.cpython-313.pyc","17EC14360FD6CA4DEA5F2FEE2F29B1CE82975C6E154765988E7C6E23F297506E"
"C:\Program Files (x86)\Steam\steamapps\common\AoE2DE\resources\_common\ai\AoE2ScenarioParser-master\AoE2ScenarioParser\sections\__pycache__\aoe2_file_section.cpython-313.pyc","A03CDF5967F574AD036787A0407E8B584CCDC5283D008226F9E9C29AB1B68827"
"C:\Program Files (x86)\Steam\steamapps\common\AoE2DE\resources\_common\ai\AoE2ScenarioParser-master\AoE2ScenarioParser\sections\__pycache__\aoe2_struct_model.cpython-313.pyc","7449448EE98647C595795FA05ECA440B49CD2C9070FA2A22D907FAC47F66961E"
"C:\Program Files (x86)\Steam\steamapps\common\AoE2DE\resources\_common\ai\AoE2ScenarioParser-master\AoE2ScenarioParser\sections\aoe2_file_section.py","00D6EE1C0F7C3B098D51BC6E78766E773D1601D72588016ED70666FA4A40CF1E"
"C:\Program Files (x86)\Steam\steamapps\common\AoE2DE\resources\_common\ai\AoE2ScenarioParser-master\AoE2ScenarioParser\sections\aoe2_struct_model.py","738EA7D15F14B36084F6908D1D903BC0437B795B3BE06C2A6A9F2687D5060D8A"
"C:\Program Files (x86)\Steam\steamapps\common\AoE2DE\resources\_common\ai\AoE2ScenarioParser-master\AoE2ScenarioParser\sections\dependencies\__init__.py","E3B0C44298FC1C149AFBF4C8996FB92427AE41E4649B934CA495991B7852B855"
"C:\Program Files (x86)\Steam\steamapps\common\AoE2DE\resources\_common\ai\AoE2ScenarioParser-master\AoE2ScenarioParser\sections\dependencies\__pycache__\__init__.cpython-313.pyc","67832124486FBCAAFC16475A169C75652F1E9854C887EF265B0B940BA89D34A8"
"C:\Program Files (x86)\Steam\steamapps\common\AoE2DE\resources\_common\ai\AoE2ScenarioParser-master\AoE2ScenarioParser\sections\dependencies\__pycache__\dependency.cpython-313.pyc","D67D0A5687F5ABD1B915B0A66BD388A05754CDF9F0BA10F152F55D311BAF1042"
"C:\Program Files (x86)\Steam\steamapps\common\AoE2DE\resources\_common\ai\AoE2ScenarioParser-master\AoE2ScenarioParser\sections\dependencies\__pycache__\dependency_action.cpython-313.pyc","9B30941411BA40D3CD83656D953A9F8C1C79C517FDDB611B1F0F8EB39F9975F3"
"C:\Program Files (x86)\Steam\steamapps\common\AoE2DE\resources\_common\ai\AoE2ScenarioParser-master\AoE2ScenarioParser\sections\dependencies\__pycache__\dependency_eval.cpython-313.pyc","2648F743D10C8D4337B214EFBB2AD79135F6734A1E93157D37F9551C70C95207"
"C:\Program Files (x86)\Steam\steamapps\common\AoE2DE\resources\_common\ai\AoE2ScenarioParser-master\AoE2ScenarioParser\sections\dependencies\__pycache__\dependency_target.cpython-313.pyc","8C9F8FC32D5DDF3F3C0C0D24A0928F93A9A35F0B4BAFAA7506DE3C840488CEA2"
"C:\Program Files (x86)\Steam\steamapps\common\AoE2DE\resources\_common\ai\AoE2ScenarioParser-master\AoE2ScenarioParser\sections\dependencies\__pycache__\retriever_dependency.cpython-313.pyc","156E33FA895FE93D0859FC186CF93797F2F37999D14EDC078E6D6D4512F1247F"
"C:\Program Files (x86)\Steam\steamapps\common\AoE2DE\resources\_common\ai\AoE2ScenarioParser-master\AoE2ScenarioParser\sections\dependencies\dependency.py","01F85C997DC5B16B02920F9A363E32C9836C66F88ED9CF338570A912673A137A"
"C:\Program Files (x86)\Steam\steamapps\common\AoE2DE\resources\_common\ai\AoE2ScenarioParser-master\AoE2ScenarioParser\sections\dependencies\dependency_action.py","D23FA75FEEEB9B5C8F65EAC23D18A60D457D690B560C26D845079AF986F38ECB"
"C:\Program Files (x86)\Steam\steamapps\common\AoE2DE\resources\_common\ai\AoE2ScenarioParser-master\AoE2ScenarioParser\sections\dependencies\dependency_eval.py","784C2AFBCBBA5278E231FD96A9AC68AFB4C9D005312F0CAE8FF30A778535AD0E"
"C:\Program Files (x86)\Steam\steamapps\common\AoE2DE\resources\_common\ai\AoE2ScenarioParser-master\AoE2ScenarioParser\sections\dependencies\dependency_target.py","82A41CBBD889BD0DBE4C2EDB4F41681183865E8ABF43B82A793E09250516240E"
"C:\Program Files (x86)\Steam\steamapps\common\AoE2DE\resources\_common\ai\AoE2ScenarioParser-master\AoE2ScenarioParser\sections\dependencies\retriever_dependency.py","F553C4EEC3752F591FAC56684C21D1C10DAD53C77EB9985A97D5B1359F25382A"
"C:\Program Files (x86)\Steam\steamapps\common\AoE2DE\resources\_common\ai\AoE2ScenarioParser-master\AoE2ScenarioParser\sections\retrievers\__init__.py","E3B0C44298FC1C149AFBF4C8996FB92427AE41E4649B934CA495991B7852B855"
"C:\Program Files (x86)\Steam\steamapps\common\AoE2DE\resources\_common\ai\AoE2ScenarioParser-master\AoE2ScenarioParser\sections\retrievers\__pycache__\__init__.cpython-313.pyc","079D1C165C8129462228C5CC5E44328FEEEE0E2B2C6FE8F7C5315B9D26B4FE9E"
"C:\Program Files (x86)\Steam\steamapps\common\AoE2DE\resources\_common\ai\AoE2ScenarioParser-master\AoE2ScenarioParser\sections\retrievers\__pycache__\construct_progress.cpython-313.pyc","328E72BFD0CE8F1BCFEAD0603C41B494E756E3CFA0BEDD2AE15FC489A5180880"
"C:\Program Files (x86)\Steam\steamapps\common\AoE2DE\resources\_common\ai\AoE2ScenarioParser-master\AoE2ScenarioParser\sections\retrievers\__pycache__\datatype.cpython-313.pyc","4CDF8978630A91D3513B3F30049F29787C5CB527C5EEC92A1A083D68C5C2380C"
"C:\Program Files (x86)\Steam\steamapps\common\AoE2DE\resources\_common\ai\AoE2ScenarioParser-master\AoE2ScenarioParser\sections\retrievers\__pycache__\retriever.cpython-313.pyc","A399D088E9A7F4791C873730CEBD89A7E7BAB0973A14D7582359C88A5438B87C"
"C:\Program Files (x86)\Steam\steamapps\common\AoE2DE\resources\_common\ai\AoE2ScenarioParser-master\AoE2ScenarioParser\sections\retrievers\__pycache__\retriever_object_link.cpython-313.pyc","C045855D0C85C7B32CDBD685A43745A3B76E510735953D8E6F751AD58568F33A"
"C:\Program Files (x86)\Steam\steamapps\common\AoE2DE\resources\_common\ai\AoE2ScenarioParser-master\AoE2ScenarioParser\sections\retrievers\__pycache__\retriever_object_link_group.cpython-313.pyc","58637790CA834E194D485BAE9BE0179EF160BB7584D4C4B5EADDCD86DE7CA913"
"C:\Program Files (x86)\Steam\steamapps\common\AoE2DE\resources\_common\ai\AoE2ScenarioParser-master\AoE2ScenarioParser\sections\retrievers\__pycache__\retriever_object_link_parent.cpython-313.pyc","C293D97C5ADEBC41F0992932E862F3B5332AE803FE6F46075C2E741BDC34156B"
"C:\Program Files (x86)\Steam\steamapps\common\AoE2DE\resources\_common\ai\AoE2ScenarioParser-master\AoE2ScenarioParser\sections\retrievers\__pycache__\support.cpython-313.pyc","0B53666B2912F6656E387CE2743DED48D0B0401EDD3AAA32BD0B65A7C4865594"
"C:\Program Files (x86)\Steam\steamapps\common\AoE2DE\resources\_common\ai\AoE2ScenarioParser-master\AoE2ScenarioParser\sections\retrievers\construct_progress.py","52FC1D62886AE50444E15F5FB1005312D64947F169126B5F77B58BC8CF085EDA"
"C:\Program Files (x86)\Steam\steamapps\common\AoE2DE\resources\_common\ai\AoE2ScenarioParser-master\AoE2ScenarioParser\sections\retrievers\datatype.py","CB629A7CF69627C6A0D76A2BF2B9E06284D788B467E98712F22426DB7F246108"
"C:\Program Files (x86)\Steam\steamapps\common\AoE2DE\resources\_common\ai\AoE2ScenarioParser-master\AoE2ScenarioParser\sections\retrievers\retriever.py","51F2DE558DD99E71C38F5E59FE170B41964DF9F9409B24E4B0A6EBAF126CD13E"
"C:\Program Files (x86)\Steam\steamapps\common\AoE2DE\resources\_common\ai\AoE2ScenarioParser-master\AoE2ScenarioParser\sections\retrievers\retriever_object_link.py","6BFC48B68FBA7F338E2186C2593BA33FAAFE59CA3D7399B7942284B03B8D3708"
"C:\Program Files (x86)\Steam\steamapps\common\AoE2DE\resources\_common\ai\AoE2ScenarioParser-master\AoE2ScenarioParser\sections\retrievers\retriever_object_link_group.py","C679141BC0FCBF04C3F3BD3429004FAB6D62062B84CD33AAD3C759AC3F59C8C5"
"C:\Program Files (x86)\Steam\steamapps\common\AoE2DE\resources\_common\ai\AoE2ScenarioParser-master\AoE2ScenarioParser\sections\retrievers\retriever_object_link_parent.py","C65140D8CB9E293EF610AE6FA2D66E94DD95C6A38A5F21352016DEDB690C2A09"
"C:\Program Files (x86)\Steam\steamapps\common\AoE2DE\resources\_common\ai\AoE2ScenarioParser-master\AoE2ScenarioParser\sections\retrievers\support.py","6EC87C27705D3B8B95A4393E6C4C11D0CF8F8279C154D0A8FDDE2164E45008DD"
"C:\Program Files (x86)\Steam\steamapps\common\AoE2DE\resources\_common\ai\AoE2ScenarioParser-master\AoE2ScenarioParser\settings.py","D119BDE0E4417C22EEB256A1147809E5600DF460BEDDCC8B1E01FC14BAD1B29F"
"C:\Program Files (x86)\Steam\steamapps\common\AoE2DE\resources\_common\ai\AoE2ScenarioParser-master\AoE2ScenarioParser\version.py","D47B64A4F9A8A55DAA4123027BFEA48A34BA3CB8D7B6F20F164FA4C5239CF844"
"C:\Program Files (x86)\Steam\steamapps\common\AoE2DE\resources\_common\ai\AoE2ScenarioParser-master\AoE2ScenarioParser\versions\DE\changelog.md","5E21D16F97636009C8F5FCC686335469B18115E1E875B86688CA546DEE09A3EA"
"C:\Program Files (x86)\Steam\steamapps\common\AoE2DE\resources\_common\ai\AoE2ScenarioParser-master\AoE2ScenarioParser\versions\DE\v1.36\conditions.json","5CD5E5D74CB4D1DBF834DFC91F2D63B2772128518C75F3C38126CA79BAC7D7F9"
"C:\Program Files (x86)\Steam\steamapps\common\AoE2DE\resources\_common\ai\AoE2ScenarioParser-master\AoE2ScenarioParser\versions\DE\v1.36\effects.json","9068D7A9111186A5F68DD127EA9DFD76653EFD376E1E41A6CE968A6B4DC196CC"
"C:\Program Files (x86)\Steam\steamapps\common\AoE2DE\resources\_common\ai\AoE2ScenarioParser-master\AoE2ScenarioParser\versions\DE\v1.36\structure.json","BC66F9D17CF19958F62180E55B36BC7F1633482255848981BF0E3368BB645792"
"C:\Program Files (x86)\Steam\steamapps\common\AoE2DE\resources\_common\ai\AoE2ScenarioParser-master\AoE2ScenarioParser\versions\DE\v1.37\conditions.json","9D947BAD5232C51FB8C6E92164F32146FB82028143F1CD37A3186ED7DED11DEE"
"C:\Program Files (x86)\Steam\steamapps\common\AoE2DE\resources\_common\ai\AoE2ScenarioParser-master\AoE2ScenarioParser\versions\DE\v1.37\effects.json","9068D7A9111186A5F68DD127EA9DFD76653EFD376E1E41A6CE968A6B4DC196CC"
"C:\Program Files (x86)\Steam\steamapps\common\AoE2DE\resources\_common\ai\AoE2ScenarioParser-master\AoE2ScenarioParser\versions\DE\v1.37\structure.json","818CDAE008CC62C9698CAEC9912A50534B3CFAB418F770A1DCC9FA2083516792"
"C:\Program Files (x86)\Steam\steamapps\common\AoE2DE\resources\_common\ai\AoE2ScenarioParser-master\AoE2ScenarioParser\versions\DE\v1.40\conditions.json","FAE06218E9F38D041CA27FE448ADCCA052213E4606FBEDE11F47AFDC338B1213"
"C:\Program Files (x86)\Steam\steamapps\common\AoE2DE\resources\_common\ai\AoE2ScenarioParser-master\AoE2ScenarioParser\versions\DE\v1.40\effects.json","C3131E0168E971322794B4C2ABE6BBCC96B16E3B50B26686413CE7F96D095969"
"C:\Program Files (x86)\Steam\steamapps\common\AoE2DE\resources\_common\ai\AoE2ScenarioParser-master\AoE2ScenarioParser\versions\DE\v1.40\structure.json","6477F044C459F827432D6BB326EE36DE7D7707801EFECA8F2EDF1468D872D1BA"
"C:\Program Files (x86)\Steam\steamapps\common\AoE2DE\resources\_common\ai\AoE2ScenarioParser-master\AoE2ScenarioParser\versions\DE\v1.41\conditions.json","FAE06218E9F38D041CA27FE448ADCCA052213E4606FBEDE11F47AFDC338B1213"
"C:\Program Files (x86)\Steam\steamapps\common\AoE2DE\resources\_common\ai\AoE2ScenarioParser-master\AoE2ScenarioParser\versions\DE\v1.41\effects.json","C3131E0168E971322794B4C2ABE6BBCC96B16E3B50B26686413CE7F96D095969"
"C:\Program Files (x86)\Steam\steamapps\common\AoE2DE\resources\_common\ai\AoE2ScenarioParser-master\AoE2ScenarioParser\versions\DE\v1.41\structure.json","07E2D24FA406B65F5F5951E00B6719DBE0A0151202FDC844F6722BD0615C67EF"
"C:\Program Files (x86)\Steam\steamapps\common\AoE2DE\resources\_common\ai\AoE2ScenarioParser-master\AoE2ScenarioParser\versions\DE\v1.42\conditions.json","45FAF94962EEA23FB442EA245A1D360C8921E3A3DE4214340C0D3DAD4CEF3351"
"C:\Program Files (x86)\Steam\steamapps\common\AoE2DE\resources\_common\ai\AoE2ScenarioParser-master\AoE2ScenarioParser\versions\DE\v1.42\effects.json","EFF988AC549F41EDCE5BA25265F66881ABEA3CECAEC7EB4BFAFCE9FDD3240831"
"C:\Program Files (x86)\Steam\steamapps\common\AoE2DE\resources\_common\ai\AoE2ScenarioParser-master\AoE2ScenarioParser\versions\DE\v1.42\structure.json","33BDF9985602EC0D957B749EBC208377D8C3EAD03A0EE45ECD9D4A28DC8DEDD9"
"C:\Program Files (x86)\Steam\steamapps\common\AoE2DE\resources\_common\ai\AoE2ScenarioParser-master\AoE2ScenarioParser\versions\DE\v1.43\conditions.json","45FAF94962EEA23FB442EA245A1D360C8921E3A3DE4214340C0D3DAD4CEF3351"
"C:\Program Files (x86)\Steam\steamapps\common\AoE2DE\resources\_common\ai\AoE2ScenarioParser-master\AoE2ScenarioParser\versions\DE\v1.43\effects.json","EFF988AC549F41EDCE5BA25265F66881ABEA3CECAEC7EB4BFAFCE9FDD3240831"
"C:\Program Files (x86)\Steam\steamapps\common\AoE2DE\resources\_common\ai\AoE2ScenarioParser-master\AoE2ScenarioParser\versions\DE\v1.43\structure.json","CD21EAFB896107D306187AB9AFF46DA9FAD2564CBF454AA2EDC8644195DF5D64"
"C:\Program Files (x86)\Steam\steamapps\common\AoE2DE\resources\_common\ai\AoE2ScenarioParser-master\AoE2ScenarioParser\versions\DE\v1.44\conditions.json","72FD849EE49F170B04431F78C11BA230C9006D49CAE319BA8B7660EFC922D232"
"C:\Program Files (x86)\Steam\steamapps\common\AoE2DE\resources\_common\ai\AoE2ScenarioParser-master\AoE2ScenarioParser\versions\DE\v1.44\effects.json","2CB3FE4E891660151C059C25490DDFAAEFC4BB9D1BAD93910CF5F2781B8F65DB"
"C:\Program Files (x86)\Steam\steamapps\common\AoE2DE\resources\_common\ai\AoE2ScenarioParser-master\AoE2ScenarioParser\versions\DE\v1.44\structure.json","D8C528A4218275AC517F74BDE323F85BF68895E67F88115269AAC28B3E3C0A8C"
"C:\Program Files (x86)\Steam\steamapps\common\AoE2DE\resources\_common\ai\AoE2ScenarioParser-master\AoE2ScenarioParser\versions\DE\v1.45\conditions.json","72FD849EE49F170B04431F78C11BA230C9006D49CAE319BA8B7660EFC922D232"
"C:\Program Files (x86)\Steam\steamapps\common\AoE2DE\resources\_common\ai\AoE2ScenarioParser-master\AoE2ScenarioParser\versions\DE\v1.45\effects.json","E2ABDA67E4CA6703161C4064A27B4DE489DDCC35EF52D0712E69ACCB92580F2E"
"C:\Program Files (x86)\Steam\steamapps\common\AoE2DE\resources\_common\ai\AoE2ScenarioParser-master\AoE2ScenarioParser\versions\DE\v1.45\structure.json","6EF6BA130FCA5A26610D3095AA943B284770D2EC6C77CBF211F6FDDDA54CDD6E"
"C:\Program Files (x86)\Steam\steamapps\common\AoE2DE\resources\_common\ai\AoE2ScenarioParser-master\AoE2ScenarioParser\versions\DE\v1.46\conditions.json","D7450D037C0526AE83CEE9680026BD3676AE408FE9162A1388A3ABF5352FC50A"
"C:\Program Files (x86)\Steam\steamapps\common\AoE2DE\resources\_common\ai\AoE2ScenarioParser-master\AoE2ScenarioParser\versions\DE\v1.46\effects.json","1E84B73BD25F151DCA2941F30866DBB2876E9B9018972116377E2E1D1717A513"
"C:\Program Files (x86)\Steam\steamapps\common\AoE2DE\resources\_common\ai\AoE2ScenarioParser-master\AoE2ScenarioParser\versions\DE\v1.46\structure.json","E9EC1A0630F8A9756A01C537C73A99AC5501AF01674D226735C48D3CEF7F61EB"
"C:\Program Files (x86)\Steam\steamapps\common\AoE2DE\resources\_common\ai\AoE2ScenarioParser-master\AoE2ScenarioParser\versions\DE\v1.47\conditions.json","D7450D037C0526AE83CEE9680026BD3676AE408FE9162A1388A3ABF5352FC50A"
"C:\Program Files (x86)\Steam\steamapps\common\AoE2DE\resources\_common\ai\AoE2ScenarioParser-master\AoE2ScenarioParser\versions\DE\v1.47\effects.json","1E84B73BD25F151DCA2941F30866DBB2876E9B9018972116377E2E1D1717A513"
"C:\Program Files (x86)\Steam\steamapps\common\AoE2DE\resources\_common\ai\AoE2ScenarioParser-master\AoE2ScenarioParser\versions\DE\v1.47\structure.json","C864B6E2346BE5CF0683E05560E5E9E202EBDBDE66EE712CC20BE7E0C5AE0224"
"C:\Program Files (x86)\Steam\steamapps\common\AoE2DE\resources\_common\ai\AoE2ScenarioParser-master\AoE2ScenarioParser\versions\DE\v1.48\conditions.json","D7450D037C0526AE83CEE9680026BD3676AE408FE9162A1388A3ABF5352FC50A"
"C:\Program Files (x86)\Steam\steamapps\common\AoE2DE\resources\_common\ai\AoE2ScenarioParser-master\AoE2ScenarioParser\versions\DE\v1.48\effects.json","1E84B73BD25F151DCA2941F30866DBB2876E9B9018972116377E2E1D1717A513"
"C:\Program Files (x86)\Steam\steamapps\common\AoE2DE\resources\_common\ai\AoE2ScenarioParser-master\AoE2ScenarioParser\versions\DE\v1.48\structure.json","774E8A276D0631FC5D570C7DFEB28A3E26AE0034082638865B77C836D293786C"
"C:\Program Files (x86)\Steam\steamapps\common\AoE2DE\resources\_common\ai\AoE2ScenarioParser-master\AoE2ScenarioParser\versions\DE\v1.49\conditions.json","D7450D037C0526AE83CEE9680026BD3676AE408FE9162A1388A3ABF5352FC50A"
"C:\Program Files (x86)\Steam\steamapps\common\AoE2DE\resources\_common\ai\AoE2ScenarioParser-master\AoE2ScenarioParser\versions\DE\v1.49\effects.json","1E84B73BD25F151DCA2941F30866DBB2876E9B9018972116377E2E1D1717A513"
"C:\Program Files (x86)\Steam\steamapps\common\AoE2DE\resources\_common\ai\AoE2ScenarioParser-master\AoE2ScenarioParser\versions\DE\v1.49\structure.json","24C3CF950B22DA06BEC0C68A000573A560381A1403A5D43D4F0623054EEFC5D2"
"C:\Program Files (x86)\Steam\steamapps\common\AoE2DE\resources\_common\ai\AoE2ScenarioParser-master\AoE2ScenarioParser\versions\DE\v1.51\conditions.json","D7450D037C0526AE83CEE9680026BD3676AE408FE9162A1388A3ABF5352FC50A"
"C:\Program Files (x86)\Steam\steamapps\common\AoE2DE\resources\_common\ai\AoE2ScenarioParser-master\AoE2ScenarioParser\versions\DE\v1.51\effects.json","D389DE8A7D9E5EB1308B0516EBE8A4179F65654B8402152DD4EB99D860D603A9"
"C:\Program Files (x86)\Steam\steamapps\common\AoE2DE\resources\_common\ai\AoE2ScenarioParser-master\AoE2ScenarioParser\versions\DE\v1.51\structure.json","F023168C49BD6F659AF5BFCF2746C7D1443958E88276AE5CD39B765C27D2DE27"
"C:\Program Files (x86)\Steam\steamapps\common\AoE2DE\resources\_common\ai\AoE2ScenarioParser-master\AoE2ScenarioParser\versions\DE\v1.53\conditions.json","D7450D037C0526AE83CEE9680026BD3676AE408FE9162A1388A3ABF5352FC50A"
"C:\Program Files (x86)\Steam\steamapps\common\AoE2DE\resources\_common\ai\AoE2ScenarioParser-master\AoE2ScenarioParser\versions\DE\v1.53\effects.json","D389DE8A7D9E5EB1308B0516EBE8A4179F65654B8402152DD4EB99D860D603A9"
"C:\Program Files (x86)\Steam\steamapps\common\AoE2DE\resources\_common\ai\AoE2ScenarioParser-master\AoE2ScenarioParser\versions\DE\v1.53\structure.json","FA84180D46764D564D1A1339F67D053335E34D10918128B812C260082A5B057B"
"C:\Program Files (x86)\Steam\steamapps\common\AoE2DE\resources\_common\ai\AoE2ScenarioParser-master\AoE2ScenarioParser\versions\DE\v1.54\conditions.json","62B1E8FB9345A77056A3385AF55CB6408E2359B4862F17F7BCFEA9BA11209712"
"C:\Program Files (x86)\Steam\steamapps\common\AoE2DE\resources\_common\ai\AoE2ScenarioParser-master\AoE2ScenarioParser\versions\DE\v1.54\default.aoe2scenario","5FD69A0E8CEC4785912A33EDC10471AA69B6D60A394C9782F690B16C4A5F2631"
"C:\Program Files (x86)\Steam\steamapps\common\AoE2DE\resources\_common\ai\AoE2ScenarioParser-master\AoE2ScenarioParser\versions\DE\v1.54\effects.json","2F4541FA355A7CA649BE291FABA0AF0A25F09F5DB0E58AED98403058B7BAD02E"
"C:\Program Files (x86)\Steam\steamapps\common\AoE2DE\resources\_common\ai\AoE2ScenarioParser-master\AoE2ScenarioParser\versions\DE\v1.54\structure.json","E49204A361A33881412DD4859A147BABA0A221BC57F3E1123D392F4693A89AF3"
"C:\Program Files (x86)\Steam\steamapps\common\AoE2DE\resources\_common\ai\AoE2ScenarioParser-master\AoE2ScenarioParser\versions\DE\v1.55\conditions.json","AC99DB2F987E0A587919E07BD7B948836594ED64D36D48ABBA58590C6D136045"
"C:\Program Files (x86)\Steam\steamapps\common\AoE2DE\resources\_common\ai\AoE2ScenarioParser-master\AoE2ScenarioParser\versions\DE\v1.55\default.aoe2scenario","9E9254DB2320900AA918850EF59E66924862D2FA87680F50E26CDC0E58707C13"
"C:\Program Files (x86)\Steam\steamapps\common\AoE2DE\resources\_common\ai\AoE2ScenarioParser-master\AoE2ScenarioParser\versions\DE\v1.55\effects.json","51F121A97DF6F2AD429A3FAE7209A2E2299258B0C3D96009443071C9F0B12020"
"C:\Program Files (x86)\Steam\steamapps\common\AoE2DE\resources\_common\ai\AoE2ScenarioParser-master\AoE2ScenarioParser\versions\DE\v1.55\structure.json","1B2C4D41A35BC77C9ADEE24815D7BDA9FF98E55A47835116891FDB1848E6953E"
"C:\Program Files (x86)\Steam\steamapps\common\AoE2DE\resources\_common\ai\AoE2ScenarioParser-master\AoE2ScenarioParser\versions\DE\v1.56\conditions.json","AC99DB2F987E0A587919E07BD7B948836594ED64D36D48ABBA58590C6D136045"
"C:\Program Files (x86)\Steam\steamapps\common\AoE2DE\resources\_common\ai\AoE2ScenarioParser-master\AoE2ScenarioParser\versions\DE\v1.56\default.aoe2scenario","0F968386CAD89589D1DE8492B6F22486C76677F798185D4F9E2F7CB5855C9947"
"C:\Program Files (x86)\Steam\steamapps\common\AoE2DE\resources\_common\ai\AoE2ScenarioParser-master\AoE2ScenarioParser\versions\DE\v1.56\effects.json","382229A8B637D74B0AA779F555BABCA2FF0292026ABC19FD7A35DA16FA0B0129"
"C:\Program Files (x86)\Steam\steamapps\common\AoE2DE\resources\_common\ai\AoE2ScenarioParser-master\AoE2ScenarioParser\versions\DE\v1.56\structure.json","009350C9B22D7243182B0303C436083F43ACB550A8E083982E93AE863B4F2D6C"
"C:\Program Files (x86)\Steam\steamapps\common\AoE2DE\resources\_common\ai\AoE2ScenarioParser-master\AoE2ScenarioParser\versions\DE\v1.57\conditions.json","AC99DB2F987E0A587919E07BD7B948836594ED64D36D48ABBA58590C6D136045"
"C:\Program Files (x86)\Steam\steamapps\common\AoE2DE\resources\_common\ai\AoE2ScenarioParser-master\AoE2ScenarioParser\versions\DE\v1.57\default.aoe2scenario","92C7574E82B44E5801F4AF980C54173DD9BB5DD533260F52D3F8C6832CD543E4"
"C:\Program Files (x86)\Steam\steamapps\common\AoE2DE\resources\_common\ai\AoE2ScenarioParser-master\AoE2ScenarioParser\versions\DE\v1.57\effects.json","BF870E22D38244D8CD23A2FD10A22307DC22CE03D25175D0BD130A1C5E1BCC44"
"C:\Program Files (x86)\Steam\steamapps\common\AoE2DE\resources\_common\ai\AoE2ScenarioParser-master\AoE2ScenarioParser\versions\DE\v1.57\structure.json","CF67182BEBDD91DB13A23996253588B3F23C19525EA073C84E69096C5EBD5A0B"
"C:\Program Files (x86)\Steam\steamapps\common\AoE2DE\resources\_common\ai\AoE2ScenarioParser-master\AoE2ScenarioParser\versions\DE\v1.58\conditions.json","AC99DB2F987E0A587919E07BD7B948836594ED64D36D48ABBA58590C6D136045"
"C:\Program Files (x86)\Steam\steamapps\common\AoE2DE\resources\_common\ai\AoE2ScenarioParser-master\AoE2ScenarioParser\versions\DE\v1.58\default.aoe2scenario","D39E810B578A6C5FE3940F45AE3095E7A7B56BBDEA5681DC3B605DFB07C0CF64"
"C:\Program Files (x86)\Steam\steamapps\common\AoE2DE\resources\_common\ai\AoE2ScenarioParser-master\AoE2ScenarioParser\versions\DE\v1.58\effects.json","27D9D309E7AF39D3AB89CA8B91A64C7F1BB9688BC6F79DD456F97F717BBF318D"
"C:\Program Files (x86)\Steam\steamapps\common\AoE2DE\resources\_common\ai\AoE2ScenarioParser-master\AoE2ScenarioParser\versions\DE\v1.58\structure.json","2E5D467BB3CC2381F4C61AA261DE0FD5A37BE6D04157FB0E988225E126CBAEC3"
"C:\Program Files (x86)\Steam\steamapps\common\AoE2DE\resources\_common\ai\AoE2ScenarioParser-master\CHANGELOG.md","586481764936BF6D683089D6DAAED45ACEC35B4570E51F1537D48FC56C573E36"
"C:\Program Files (x86)\Steam\steamapps\common\AoE2DE\resources\_common\ai\AoE2ScenarioParser-master\docs\.nojekyll","E3B0C44298FC1C149AFBF4C8996FB92427AE41E4649B934CA495991B7852B855"
"C:\Program Files (x86)\Steam\steamapps\common\AoE2DE\resources\_common\ai\AoE2ScenarioParser-master\docs\_assets\pdoc_theme\custom.css","A113F30DD1F76E5318D46BBD34685C54B043EE93AC729113C51577685A6DA989"
"C:\Program Files (x86)\Steam\steamapps\common\AoE2DE\resources\_common\ai\AoE2ScenarioParser-master\docs\_assets\pdoc_theme\module.html.jinja2","FE74630DC52C14065A336A7122B894CD1394171603B8344901A5222AB72790A4"
"C:\Program Files (x86)\Steam\steamapps\common\AoE2DE\resources\_common\ai\AoE2ScenarioParser-master\docs\_assets\pdoc_theme\syntax-highlighting.css","92D0653C9BB34E4519845C6E6AF0FCCA0BC34AD5F6BA76199D11409DC13D541B"
"C:\Program Files (x86)\Steam\steamapps\common\AoE2DE\resources\_common\ai\AoE2ScenarioParser-master\docs\_assets\pdoc_theme\theme.css","FB0A32D90EAA42303AEFEB0B0B644ACD1822E143DE73EEDEF346436BF547AA97"
"C:\Program Files (x86)\Steam\steamapps\common\AoE2DE\resources\_common\ai\AoE2ScenarioParser-master\docs\_sidebar.md","786512AC809F6D4008443F7618DDACCD8219FA2DA5A9F7E8770A56225D0DA10E"
"C:\Program Files (x86)\Steam\steamapps\common\AoE2DE\resources\_common\ai\AoE2ScenarioParser-master\docs\cheatsheets\area.md","124230E4B029FAD185342136EE68DDE23265ED315682A3ACDB6E7DB5949CD31B"
"C:\Program Files (x86)\Steam\steamapps\common\AoE2DE\resources\_common\ai\AoE2ScenarioParser-master\docs\cheatsheets\data_triggers.md","3E88EB485ACF5422357B49A2CD12245284B6DFB4B57481F0A674F5D1F5BA54D8"
"C:\Program Files (x86)\Steam\steamapps\common\AoE2DE\resources\_common\ai\AoE2ScenarioParser-master\docs\cheatsheets\datasets.md","4D91F88DABA015F5B5A8A6432152E8E563514C43C09ED0D1205DFD182165A758"
"C:\Program Files (x86)\Steam\steamapps\common\AoE2DE\resources\_common\ai\AoE2ScenarioParser-master\docs\cheatsheets\map.md","024C35CC65FF92B7528FA237023456DCC31ADD66C7B8BD1DEB2A014F9956A928"
"C:\Program Files (x86)\Steam\steamapps\common\AoE2DE\resources\_common\ai\AoE2ScenarioParser-master\docs\cheatsheets\message.md","D57326D053E5713429A6D9372397E8CBA17BF0CA9B4F3F68DB478DFC15C434F9"
"C:\Program Files (x86)\Steam\steamapps\common\AoE2DE\resources\_common\ai\AoE2ScenarioParser-master\docs\cheatsheets\players.md","3207EE24460D486ADCFE9BCB36848E692BB2FA8C8704633B0EA7F05D29F2919C"
"C:\Program Files (x86)\Steam\steamapps\common\AoE2DE\resources\_common\ai\AoE2ScenarioParser-master\docs\cheatsheets\triggers.md","DDFE5CA7082877B64589C28893CE047ED85F7939A5378AD3123A4A1FF5196A86"
"C:\Program Files (x86)\Steam\steamapps\common\AoE2DE\resources\_common\ai\AoE2ScenarioParser-master\docs\cheatsheets\units.md","5718D692BF42636A15E61D08A7EB5A01585F8D285CA5D7BD7770B18FB2424B4A"
"C:\Program Files (x86)\Steam\steamapps\common\AoE2DE\resources\_common\ai\AoE2ScenarioParser-master\docs\cheatsheets\xs.md","38858286CB1B326619A90E30819093F3639C6FCA2033F9FB35EAFC43CDA4787D"
"C:\Program Files (x86)\Steam\steamapps\common\AoE2DE\resources\_common\ai\AoE2ScenarioParser-master\docs\cheatsheets\xs_check.md","F3F8BC0781B62BDCF091A2DAB4E6538A67CE021364F4EE512403A2078137A2B2"
"C:\Program Files (x86)\Steam\steamapps\common\AoE2DE\resources\_common\ai\AoE2ScenarioParser-master\docs\community.md","04952105894A8E5CB53818DA2977CA4031AF726CEFB9364833836C9A3C633BB7"
"C:\Program Files (x86)\Steam\steamapps\common\AoE2DE\resources\_common\ai\AoE2ScenarioParser-master\docs\custom.css","BBE2E553FD87C4F4085310512A8FFBA0BA9F398F4A8BB5DAB262BD1102849EBF"
"C:\Program Files (x86)\Steam\steamapps\common\AoE2DE\resources\_common\ai\AoE2ScenarioParser-master\docs\examples\general.md","A6743D4F9024F0F225B206F5231A9F24213D6635C3A8488D5FCD1ACCF52282C0"
"C:\Program Files (x86)\Steam\steamapps\common\AoE2DE\resources\_common\ai\AoE2ScenarioParser-master\docs\examples\map.md","F3C3657F58374C6D53650BCB9A4D175A9B2A43350D659F214BBAB1A0CB0A8E23"
"C:\Program Files (x86)\Steam\steamapps\common\AoE2DE\resources\_common\ai\AoE2ScenarioParser-master\docs\examples\players.md","0F17B4481CD4343A6B9982CD1B50DBC937F6D49B6B13CD0EF2F13F205A30B736"
"C:\Program Files (x86)\Steam\steamapps\common\AoE2DE\resources\_common\ai\AoE2ScenarioParser-master\docs\examples\triggers.md","1BD548B58AB87517CDF86CA883DB083B1F8FAC112B594A1932421AFD50561F7A"
"C:\Program Files (x86)\Steam\steamapps\common\AoE2DE\resources\_common\ai\AoE2ScenarioParser-master\docs\examples\units.md","467C6181FE4E2C73FD49CCB059E85C6BA0789A42D75EED1C0BC6CE75D19EABD5"
"C:\Program Files (x86)\Steam\steamapps\common\AoE2DE\resources\_common\ai\AoE2ScenarioParser-master\docs\generate_api_docs.py","B8E4C4CFA3FF975123716981F49C9E226EBB2FF490CA1C4BB98E4E062CF71260"
"C:\Program Files (x86)\Steam\steamapps\common\AoE2DE\resources\_common\ai\AoE2ScenarioParser-master\docs\hello_world.md","5E5329B4619A22B7A300D9631B14726787957D2DA6D72B733769D2AF05AC7120"
"C:\Program Files (x86)\Steam\steamapps\common\AoE2DE\resources\_common\ai\AoE2ScenarioParser-master\docs\images\area_castle_walls.png","52885D45D57C2A88DFE5CB2A12D50A3CCC295E9FBE5D8AC9B29F0AB8350017E7"
"C:\Program Files (x86)\Steam\steamapps\common\AoE2DE\resources\_common\ai\AoE2ScenarioParser-master\docs\images\area_checkers_example_result.png","CF03043CA8604E864D78CE9677B08F9227142D83822330ABB11FA3724A85ED27"
"C:\Program Files (x86)\Steam\steamapps\common\AoE2DE\resources\_common\ai\AoE2ScenarioParser-master\docs\images\area_grid_1x1_example.png","6A8934F1314C2581262CB57FA724F2BA4A8CEB65AA9C46D25B9D2EFCD50497C0"
"C:\Program Files (x86)\Steam\steamapps\common\AoE2DE\resources\_common\ai\AoE2ScenarioParser-master\docs\images\community\aoe2-tetris.jpg","12D34CFC708291A4E02565407B6BFDFA1830A35ED432A5335E89178E8F3D7EDC"
"C:\Program Files (x86)\Steam\steamapps\common\AoE2DE\resources\_common\ai\AoE2ScenarioParser-master\docs\images\data_trigger_area_example.png","ABB23141C50E492B28EB10FA60E6DDF6C94ADEA6596CF8CA849B8877B1844292"
"C:\Program Files (x86)\Steam\steamapps\common\AoE2DE\resources\_common\ai\AoE2ScenarioParser-master\docs\images\data_trigger_object_example.png","64413A936D5B73E3F0CDF42E35E07C759E8DFB110874BCAFA0D29D2C9B50D364"
"C:\Program Files (x86)\Steam\steamapps\common\AoE2DE\resources\_common\ai\AoE2ScenarioParser-master\docs\images\data_trigger_tile_example.png","3172AEEF5F24BEC14859AE600397B7BD5894599A598C117EFEAAC28728ACC28A"
"C:\Program Files (x86)\Steam\steamapps\common\AoE2DE\resources\_common\ai\AoE2ScenarioParser-master\docs\images\data_trigger_trigger_example.png","B321F4111E4B5979874E464018C51F2AEEB648603F6E12DB84322DF06DFF9955"
"C:\Program Files (x86)\Steam\steamapps\common\AoE2DE\resources\_common\ai\AoE2ScenarioParser-master\docs\images\map_coordinates_explained.png","8FF79C172842CBDE54F82D4DFF86E547EB47BE001DD8771284A58E131938C632"
"C:\Program Files (x86)\Steam\steamapps\common\AoE2DE\resources\_common\ai\AoE2ScenarioParser-master\docs\images\map_tiles_explained.png","37933621D57A87EF74AD48C482BA231B5CC8FA131F51DB1F351B24DD2F9BFEFE"
"C:\Program Files (x86)\Steam\steamapps\common\AoE2DE\resources\_common\ai\AoE2ScenarioParser-master\docs\images\map_tiles_with_road.png","78731B752014E6EDC87EA1910E8B2FFEAAC83DACD0E9DA2642CAFDCFC3F8985C"
"C:\Program Files (x86)\Steam\steamapps\common\AoE2DE\resources\_common\ai\AoE2ScenarioParser-master\docs\index.html","4A84A915AA0F673FC76439DF8D46C9E7CC5B76C1551FF654725297F1160321A2"
"C:\Program Files (x86)\Steam\steamapps\common\AoE2DE\resources\_common\ai\AoE2ScenarioParser-master\docs\quick-start.md","A213CF6530A6273A61E99650C7F8D35DD89515AD5FDA241C7D35B29FBFC4479D"
"C:\Program Files (x86)\Steam\steamapps\common\AoE2DE\resources\_common\ai\AoE2ScenarioParser-master\docs\README.md","3635471B0E0D9E4670DCC1BBF0D217CCF51659C073BF26FC3B77890C4187F521"
"C:\Program Files (x86)\Steam\steamapps\common\AoE2DE\resources\_common\ai\AoE2ScenarioParser-master\LICENSE","3972DC9744F6499F0F9B2DBF76696F2AE7AD8AF9B23DDE66D6AF86C9DFB36986"
"C:\Program Files (x86)\Steam\steamapps\common\AoE2DE\resources\_common\ai\AoE2ScenarioParser-master\pyproject.toml","B8EE993AC873C914860624A3F187834869EBC5A21FCB958FD4FA6DB9F6880CD7"
"C:\Program Files (x86)\Steam\steamapps\common\AoE2DE\resources\_common\ai\AoE2ScenarioParser-master\README.md","B776AAF51A18865D5B51F7CC816746587114520875452E1F94C997D96D43E6B7"
"C:\Program Files (x86)\Steam\steamapps\common\AoE2DE\resources\_common\ai\AoE2ScenarioParser-master\requirements.txt","2A3E7E4493904C5B841CBDB7E08B1EA35F8A49B672BB8D15D815105D5C49883D"
"C:\Program Files (x86)\Steam\steamapps\common\AoE2DE\resources\_common\ai\AoE2ScenarioParser-master\requirements\dev.txt","3C8D6AA44D1DA1ABC849C5CDA32D6BA73BFAD3D126BFC4C3B4967D29F1D317EA"
"C:\Program Files (x86)\Steam\steamapps\common\AoE2DE\resources\_common\ai\AoE2ScenarioParser-master\resources\dev_guides\adding-trigger-related.md","0229A66ABE50C6D4237963E2682021B37116B096B95AD7D55D91CC4A7E64B745"
"C:\Program Files (x86)\Steam\steamapps\common\AoE2DE\resources\_common\ai\AoE2ScenarioParser-master\resources\dev_guides\updating-xs-check.md","B972C3500A3735EE104AA58E4035C3E1C159E71D99BD34919570A9EF27944A98"
"C:\Program Files (x86)\Steam\steamapps\common\AoE2DE\resources\_common\ai\AoE2ScenarioParser-master\resources\documents\file_structure.html","FDAEABE4A4886923D2B8259017E42E0860810643D1C3EE5E268F6F5C67BE5407"
"C:\Program Files (x86)\Steam\steamapps\common\AoE2DE\resources\_common\ai\AoE2ScenarioParser-master\resources\md\support.md","8372DC2CB9F341C03BC15D31B3D33E87A2E1C716AAE6D5051764D822EBA89137"
"C:\Program Files (x86)\Steam\steamapps\common\AoE2DE\resources\_common\ai\AoE2ScenarioParser-master\resources\md\update_to_0.1.0.md","B30CC9DF61E0A9743F76C1B19E068F6BAE7FC63970D7D3F05C359E0293536C6C"
"C:\Program Files (x86)\Steam\steamapps\common\AoE2DE\resources\_common\ai\AoE2ScenarioParser-master\tests\__init__.py","E3B0C44298FC1C149AFBF4C8996FB92427AE41E4649B934CA495991B7852B855"
"C:\Program Files (x86)\Steam\steamapps\common\AoE2DE\resources\_common\ai\AoE2ScenarioParser-master\tests\helper\__init__.py","E3B0C44298FC1C149AFBF4C8996FB92427AE41E4649B934CA495991B7852B855"
"C:\Program Files (x86)\Steam\steamapps\common\AoE2DE\resources\_common\ai\AoE2ScenarioParser-master\tests\helper\__pycache__\__init__.cpython-313.pyc","FD102858D7E5E2A101915A3F77B549BC08B964496F684FC9736FA92C01B43196"
"C:\Program Files (x86)\Steam\steamapps\common\AoE2DE\resources\_common\ai\AoE2ScenarioParser-master\tests\helper\__pycache__\test_bytes_conversions.cpython-313.pyc","2DBD8CB763AD1E41847797EFC1E367BF8C084E32B081638CA19745A7EB27D382"
"C:\Program Files (x86)\Steam\steamapps\common\AoE2DE\resources\_common\ai\AoE2ScenarioParser-master\tests\helper\__pycache__\test_bytes_parser.cpython-313.pyc","3A5239E850BD25B67486E759B1C4DECCD4E3B06F4D82D897FFFFDE2C18736CE2"
"C:\Program Files (x86)\Steam\steamapps\common\AoE2DE\resources\_common\ai\AoE2ScenarioParser-master\tests\helper\__pycache__\test_helper.cpython-313.pyc","28DB9F54974B434481F7657AAD7BFC0F0F22DD2AB203F32F9EF29B819A18B66C"
"C:\Program Files (x86)\Steam\steamapps\common\AoE2DE\resources\_common\ai\AoE2ScenarioParser-master\tests\helper\test_bytes_conversions.py","975AF96AB291C716FB81161967646CED1DE359E9AC7F690FB22F97E3487459DF"
"C:\Program Files (x86)\Steam\steamapps\common\AoE2DE\resources\_common\ai\AoE2ScenarioParser-master\tests\helper\test_bytes_parser.py","14175A9A8D915CB2B7B99EE4F41ED1F18036F60447524D7E072A156AE732089E"
"C:\Program Files (x86)\Steam\steamapps\common\AoE2DE\resources\_common\ai\AoE2ScenarioParser-master\tests\helper\test_helper.py","1C29F1380FDE3B1F22771CDDB28138433C65A8F24683474759CE5E9618B40FE3"
"C:\Program Files (x86)\Steam\steamapps\common\AoE2DE\resources\_common\ai\AoE2ScenarioParser-master\tests\objects\__init__.py","E3B0C44298FC1C149AFBF4C8996FB92427AE41E4649B934CA495991B7852B855"
"C:\Program Files (x86)\Steam\steamapps\common\AoE2DE\resources\_common\ai\AoE2ScenarioParser-master\tests\objects\__pycache__\__init__.cpython-313.pyc","43BA72542881FA0E5247F3485447E57DFF812E479E164295CBC9C02AF7465FC8"
"C:\Program Files (x86)\Steam\steamapps\common\AoE2DE\resources\_common\ai\AoE2ScenarioParser-master\tests\objects\managers\__init__.py","E3B0C44298FC1C149AFBF4C8996FB92427AE41E4649B934CA495991B7852B855"
"C:\Program Files (x86)\Steam\steamapps\common\AoE2DE\resources\_common\ai\AoE2ScenarioParser-master\tests\objects\managers\__pycache__\__init__.cpython-313.pyc","FA99C8B40D0188515393EA498D09B989067940FBAF05FBE7A0610F90D9F1A17E"
"C:\Program Files (x86)\Steam\steamapps\common\AoE2DE\resources\_common\ai\AoE2ScenarioParser-master\tests\objects\managers\trigger_manager\__init__.py","E3B0C44298FC1C149AFBF4C8996FB92427AE41E4649B934CA495991B7852B855"
"C:\Program Files (x86)\Steam\steamapps\common\AoE2DE\resources\_common\ai\AoE2ScenarioParser-master\tests\objects\managers\trigger_manager\__pycache__\__init__.cpython-313.pyc","F8079AA5A9A844F141D25A3CDC19FDAA880D5D76A80BB2A0C9668A6D3100C114"
"C:\Program Files (x86)\Steam\steamapps\common\AoE2DE\resources\_common\ai\AoE2ScenarioParser-master\tests\objects\managers\trigger_manager\__pycache__\test_copy_function.cpython-313.pyc","4137C7EFC203C6FA558C86818C4720EF5E2C07417259523F921D37E147C1AC61"
"C:\Program Files (x86)\Steam\steamapps\common\AoE2DE\resources\_common\ai\AoE2ScenarioParser-master\tests\objects\managers\trigger_manager\__pycache__\test_copy_per_player_function.cpython-313.pyc","A1015768F9A927D34C7A7E06DD244750A15DEADF5750A8539DD8CA438038C3F1"
"C:\Program Files (x86)\Steam\steamapps\common\AoE2DE\resources\_common\ai\AoE2ScenarioParser-master\tests\objects\managers\trigger_manager\__pycache__\test_copy_trigger_tree_per_player_function.cpython-313.pyc","C9CDD74B98D6A7E4551CAB82CE6B106D90776C047D07EE3CC011713981A85E27"
"C:\Program Files (x86)\Steam\steamapps\common\AoE2DE\resources\_common\ai\AoE2ScenarioParser-master\tests\objects\managers\trigger_manager\__pycache__\test_import_triggers_function.cpython-313.pyc","65225DB4D5B8AE23AFAD501D4D55483E3BF3715E96DCF35E47F5A36646E59E50"
"C:\Program Files (x86)\Steam\steamapps\common\AoE2DE\resources\_common\ai\AoE2ScenarioParser-master\tests\objects\managers\trigger_manager\__pycache__\test_move_triggers_function.cpython-313.pyc","FDF6527AB7ED6C81161D15B6B7D86D91E71F398FA6040E198B3E4E76B2FD1F9C"
"C:\Program Files (x86)\Steam\steamapps\common\AoE2DE\resources\_common\ai\AoE2ScenarioParser-master\tests\objects\managers\trigger_manager\__pycache__\test_remove_trigger_function.cpython-313.pyc","9229A8CEE5754AEC48CCAA0D48DAB224263F2CC1A241F05B6573080180F4D917"
"C:\Program Files (x86)\Steam\steamapps\common\AoE2DE\resources\_common\ai\AoE2ScenarioParser-master\tests\objects\managers\trigger_manager\__pycache__\test_reorder_triggers_function.cpython-313.pyc","AA90B2F497619C2BD379DDA9EB209AA6A834029C66A3E0FEA530EE00674D08E9"
"C:\Program Files (x86)\Steam\steamapps\common\AoE2DE\resources\_common\ai\AoE2ScenarioParser-master\tests\objects\managers\trigger_manager\__pycache__\test_replace_player_function.cpython-313.pyc","514AC33AEDAFFB2BAA3583012B42B1F3A7EF029C1122754275B2E117D5585A8E"
"C:\Program Files (x86)\Steam\steamapps\common\AoE2DE\resources\_common\ai\AoE2ScenarioParser-master\tests\objects\managers\trigger_manager\test_copy_function.py","78F8B9A19791786AB06752F57138F746D59BC84E39C4D70DC59CF07216BE7FCE"
"C:\Program Files (x86)\Steam\steamapps\common\AoE2DE\resources\_common\ai\AoE2ScenarioParser-master\tests\objects\managers\trigger_manager\test_copy_per_player_function.py","88FE1A69CA48A972673D0A5DB941709B4E5B73F68DC666184DD4CABE1F80489A"
"C:\Program Files (x86)\Steam\steamapps\common\AoE2DE\resources\_common\ai\AoE2ScenarioParser-master\tests\objects\managers\trigger_manager\test_copy_trigger_tree_per_player_function.py","4F79B0CFE197FACFB814B97AE7C3F20DCBC26B2229DF323A9057726291E7B601"
"C:\Program Files (x86)\Steam\steamapps\common\AoE2DE\resources\_common\ai\AoE2ScenarioParser-master\tests\objects\managers\trigger_manager\test_import_triggers_function.py","D94F7248345968F3B1A5F18485E52AB36F1E2C5B62F99E645D1CA0A29320BE6E"
"C:\Program Files (x86)\Steam\steamapps\common\AoE2DE\resources\_common\ai\AoE2ScenarioParser-master\tests\objects\managers\trigger_manager\test_move_triggers_function.py","6D1DAD07D2AECEBEE4573AACAB07D05C3C9991E2DBA5A289B105034DF43F004D"
"C:\Program Files (x86)\Steam\steamapps\common\AoE2DE\resources\_common\ai\AoE2ScenarioParser-master\tests\objects\managers\trigger_manager\test_remove_trigger_function.py","E5E4856A90DC42DCDD0FB2A7D82B9B8454D9381C5286FD19E322E5039A919692"
"C:\Program Files (x86)\Steam\steamapps\common\AoE2DE\resources\_common\ai\AoE2ScenarioParser-master\tests\objects\managers\trigger_manager\test_reorder_triggers_function.py","69092825FE6A8654054B372D08E8BCA42C5D2B7781B52B32831B28924F64D386"
"C:\Program Files (x86)\Steam\steamapps\common\AoE2DE\resources\_common\ai\AoE2ScenarioParser-master\tests\objects\managers\trigger_manager\test_replace_player_function.py","2FA7F4E34C9F4FA8283DF0439E71B6DF8C9399C7E5D48D32BB673F113F5ABCF5"
"C:\Program Files (x86)\Steam\steamapps\common\AoE2DE\resources\_common\ai\AoE2ScenarioParser-master\tests\objects\managers\trigger_manager\text_copy_trigger_tree_function.py","44F32E615E8ADA7536C689285B4ACDF76F57CD19EA79182D5A62875EDBAA430D"
"C:\Program Files (x86)\Steam\steamapps\common\AoE2DE\resources\_common\ai\AoE2ScenarioParser-master\tests\objects\support\__init__.py","E3B0C44298FC1C149AFBF4C8996FB92427AE41E4649B934CA495991B7852B855"
"C:\Program Files (x86)\Steam\steamapps\common\AoE2DE\resources\_common\ai\AoE2ScenarioParser-master\tests\objects\support\__pycache__\__init__.cpython-313.pyc","BBA55D51AFD98EEA5FE56C036EA7A5C02DA736926732CBCB3274145FD4F96D75"
"C:\Program Files (x86)\Steam\steamapps\common\AoE2DE\resources\_common\ai\AoE2ScenarioParser-master\tests\objects\support\__pycache__\test_area.cpython-313.pyc","9C455BDD24666BDDDD564A9BFB649E6264FC0DABA83BAF1A976F742B7682D7F4"
"C:\Program Files (x86)\Steam\steamapps\common\AoE2DE\resources\_common\ai\AoE2ScenarioParser-master\tests\objects\support\__pycache__\test_uuid_list.cpython-313.pyc","BAC690770F9E1FA4E85F23A5C395A268DC76739D29148CB9ED9655029E87702B"
"C:\Program Files (x86)\Steam\steamapps\common\AoE2DE\resources\_common\ai\AoE2ScenarioParser-master\tests\objects\support\test_area.py","0C7D7344EB6769386C850C86F96C46E3B2AE522C41E2D52D68F2B518D8D7280B"
"C:\Program Files (x86)\Steam\steamapps\common\AoE2DE\resources\_common\ai\AoE2ScenarioParser-master\tests\objects\support\test_uuid_list.py","AAA5E94DF606ACC3C09341405044952C28228F433CFEEF86BBE2300DE1C44E65"
"C:\Program Files (x86)\Steam\steamapps\common\AoE2DE\resources\_common\ai\AoE2ScenarioParser-master\tricks\unit_abilities.py","4C6E02DE6E68D8C18FC2998B2F2DB2412E104FFCF315966D000D23E2632D1258"
"C:\Program Files (x86)\Steam\steamapps\common\AoE2DE\resources\_common\ai\AoF scenario difficulty.per","C03155A0A92685D491BDCF88A8650498FAD801CEDD5A21AEF2C068A691E4B7C6"
"C:\Program Files (x86)\Steam\steamapps\common\AoE2DE\resources\_common\ai\AoF scenario upgrades.per","79229988FF27D27E3C142CA49AAC4B00C42C8497CC98DE103C1ECC3257749B65"
"C:\Program Files (x86)\Steam\steamapps\common\AoE2DE\resources\_common\ai\E3-p2.ai","E3B0C44298FC1C149AFBF4C8996FB92427AE41E4649B934CA495991B7852B855"
"C:\Program Files (x86)\Steam\steamapps\common\AoE2DE\resources\_common\ai\E3-p2.per","6443A80D627C9F33388DE40E74A9C07267CC1BC8B68924865CC640D7D5F29B46"
"C:\Program Files (x86)\Steam\steamapps\common\AoE2DE\resources\_common\ai\Promisory\boarhunting.per","F3705E3FED8A46D6F4C5D74BF0AB4C6C4D446E77A08BD9B1BA4488ABBA25947C"
"C:\Program Files (x86)\Steam\steamapps\common\AoE2DE\resources\_common\ai\Promisory\buildings.per","48FD174451CF81144C4E1C9D9A6665D1054855A9E895BFECFDC31174ACBC6564"
"C:\Program Files (x86)\Steam\steamapps\common\AoE2DE\resources\_common\ai\Promisory\const.per","400160CF46FE9992DDF20817261FD337C925D2729D42083C8865747353803DB0"
"C:\Program Files (x86)\Steam\steamapps\common\AoE2DE\resources\_common\ai\Promisory\customConstants.per","BA72AAC36739381EBE22A605F56CACB5341718949467B40347A577036EF813DA"
"C:\Program Files (x86)\Steam\steamapps\common\AoE2DE\resources\_common\ai\Promisory\dawn.per","B731F6C58F6033FD263A4AD1F96CB13ADCB902B343E0878010EF80ACE7B050B2"
"C:\Program Files (x86)\Steam\steamapps\common\AoE2DE\resources\_common\ai\Promisory\defaultConstants.per","187980FD34F5A5626955B20DD97114DC2212C9E7E86356014A7976DD1AE310AD"
"C:\Program Files (x86)\Steam\steamapps\common\AoE2DE\resources\_common\ai\Promisory\escrow.per","797C94896E7C53B38FC8FB88DC743DBB05ADD3CF58A2375F4B885FCB444DA6CA"
"C:\Program Files (x86)\Steam\steamapps\common\AoE2DE\resources\_common\ai\Promisory\event.per","D55F1B4D333C410ACD3FC4D6DF02245DD78957C9A76060E4CE93BA48C4F4033A"
"C:\Program Files (x86)\Steam\steamapps\common\AoE2DE\resources\_common\ai\Promisory\events.per","5BB3DF9CD82D3D4A34B233CA37B1EF430800080FA53274DE8FAB8B0D1C3476CB"
"C:\Program Files (x86)\Steam\steamapps\common\AoE2DE\resources\_common\ai\Promisory\extremebuildings2.per","F7DD2FF266E4AC818B2973896057E6EAFBA64A9D84313DC5DD0CC04A774152B7"
"C:\Program Files (x86)\Steam\steamapps\common\AoE2DE\resources\_common\ai\Promisory\finaling.per","95E18EB8B765A7F87EA499C25ED944D0E04C9ABF932B70D8821EF1154D872E52"
"C:\Program Files (x86)\Steam\steamapps\common\AoE2DE\resources\_common\ai\Promisory\finalingConstants.per","CE7A804A9855742CF4329C0FA44E603A5D19655951BF8E6BC5CF689264E07455"
"C:\Program Files (x86)\Steam\steamapps\common\AoE2DE\resources\_common\ai\Promisory\gatherers.per","29179C2B4D9D29B7031B70B5D4F5DFF382353DF1938304F1115436676B92FB17"
"C:\Program Files (x86)\Steam\steamapps\common\AoE2DE\resources\_common\ai\Promisory\general.per","AD926DD04D6DBAD14830203D82F9D9D356F9697DD4EEE98E02E207B1757B0AFE"
"C:\Program Files (x86)\Steam\steamapps\common\AoE2DE\resources\_common\ai\Promisory\ImprovementBucketsConst.per","76BFA9325564690610BE7EFE0E496AA288F729F6E4C04CA47956F9CD48EFEE4D"
"C:\Program Files (x86)\Steam\steamapps\common\AoE2DE\resources\_common\ai\Promisory\ImprovementBucketsTestConst.per","247F728D53BC8E6330FF93929C123E3D94F3C83C3AB209C39957AC67D9BF154C"
"C:\Program Files (x86)\Steam\steamapps\common\AoE2DE\resources\_common\ai\Promisory\init.per","D1D4FDBD5BB1936378E8899EFDCDCC8BF1A6AB39392D236ED83246BB340D2A01"
"C:\Program Files (x86)\Steam\steamapps\common\AoE2DE\resources\_common\ai\Promisory\interaction.per","BC421889AA881A901C93056E65BAE12120DB2535BBD3DDC12100E73D976980B2"
"C:\Program Files (x86)\Steam\steamapps\common\AoE2DE\resources\_common\ai\Promisory\merge.per","EACF98EEC94E371BB96E4ED91A3677AB0C28E4872D755876280372F15B72FFD6"
"C:\Program Files (x86)\Steam\steamapps\common\AoE2DE\resources\_common\ai\Promisory\merge1b.per","3EEE7DCED36B248C43F4DB722E718B0924D94C6547A84190281B480740ECB05E"
"C:\Program Files (x86)\Steam\steamapps\common\AoE2DE\resources\_common\ai\Promisory\merge2.per","E3B0C44298FC1C149AFBF4C8996FB92427AE41E4649B934CA495991B7852B855"
"C:\Program Files (x86)\Steam\steamapps\common\AoE2DE\resources\_common\ai\Promisory\merge2b.per","852F6A157D744FE626BEF4DEDA65057BF13558494970872BC7CD87F29CFAD5E3"
"C:\Program Files (x86)\Steam\steamapps\common\AoE2DE\resources\_common\ai\Promisory\merge3.per","E3B0C44298FC1C149AFBF4C8996FB92427AE41E4649B934CA495991B7852B855"
"C:\Program Files (x86)\Steam\steamapps\common\AoE2DE\resources\_common\ai\Promisory\merge3b.per","E3B0C44298FC1C149AFBF4C8996FB92427AE41E4649B934CA495991B7852B855"
"C:\Program Files (x86)\Steam\steamapps\common\AoE2DE\resources\_common\ai\Promisory\merge4.per","5990107F24D62ED59B7C4A8E943358319C6FAC74605D85BA9A8607B13F95073F"
"C:\Program Files (x86)\Steam\steamapps\common\AoE2DE\resources\_common\ai\Promisory\orb.per","F554F0FDA0B4B2A037888C3CDCCF5CD7F23636E69D05D5B341E6622423F59ECE"
"C:\Program Files (x86)\Steam\steamapps\common\AoE2DE\resources\_common\ai\Promisory\paphosConstants.per","515F0C35D1D691F228C1A095694FA7074D6208AE3383F03BCBFB5D255B7C691A"
"C:\Program Files (x86)\Steam\steamapps\common\AoE2DE\resources\_common\ai\Promisory\researches.per","74E9E5BABEFEA97D8360F992791A4965F943A4C6E1809B6772D7DDCA13618216"
"C:\Program Files (x86)\Steam\steamapps\common\AoE2DE\resources\_common\ai\Promisory\resign.per","A8E4B5497208939332A0BC6EDCB357E6E63BB59130B868EEE5CA332ABB4B9139"
"C:\Program Files (x86)\Steam\steamapps\common\AoE2DE\resources\_common\ai\Promisory\scoutcontrol.per","0A472440942C66CF70160FDE6679EB99FD1A6C465C5A13050099BE567B002688"
"C:\Program Files (x86)\Steam\steamapps\common\AoE2DE\resources\_common\ai\Promisory\threats.per","6FC38288E8759E3D9E3DE711E3E24754586BD904126E9A1B5E1931150957FB6A"
"C:\Program Files (x86)\Steam\steamapps\common\AoE2DE\resources\_common\ai\Promisory\trade.per","3086374211618F6B536707936E12935A1CF51496DD7C4AF7393034232B219639"
"C:\Program Files (x86)\Steam\steamapps\common\AoE2DE\resources\_common\ai\Promisory\tsa.per","27950DA53E6357A4E127595FB8B26F1161BD079D22145E07278952A89D043625"
"C:\Program Files (x86)\Steam\steamapps\common\AoE2DE\resources\_common\ai\Promisory\ugp.per","DDD217170C75F5CA0C3534EB4C116D563A78E2E2D392E55042749507288D573B"
"C:\Program Files (x86)\Steam\steamapps\common\AoE2DE\resources\_common\ai\Promisory\units.per","F55267CC531A2BB7892282003BA1DB3DE1FE3DC740DC6DEFDD1D24A09DA5A397"
"C:\Program Files (x86)\Steam\steamapps\common\AoE2DE\resources\_common\ai\Promisory\watercontrol.per","0CA999096ECF9A6FAEBE014A6FE17471CB9CCEC7029194DF3F3419F191AE6954"
"C:\Program Files (x86)\Steam\steamapps\common\AoE2DE\resources\_common\ai\testharness\scripts\AEGIS_FTS_CAL_001.fts","3F1006EA21FF6443B9ACB8523508D8257431220A3A6F0B96E7A46ABD661DD05F"
